timestamp_utc,timestamp_local,date_local,hour_local,day_of_week,is_weekend,road,point_id,lat,lon,seg_lat,seg_lon,frc,current_speed_kmh,free_flow_speed_kmh,current_travel_time_s,free_flow_travel_time_s,speed_ratio,delay_s,confidence,road_closure,congestion_level
2026-10-05 17:29:44,2026-10-05 20:29:44,2026-10-05,20,Monday,0,Al Haramain Road,Al_Haramain_Road_1,21.72336,39.19394,21.735295564288815,39.189261016247144,FRC0,96,96,728,728,1.0,0,1,False,Low
2026-10-05 17:29:44,2026-10-05 20:29:44,2026-10-05,20,Monday,0,Al Haramain Road,Al_Haramain_Road_2,21.62897,39.21308,21.54375360318856,39.23716929257782,FRC0,74,92,940,756,0.8043,184,1,False,Medium
2026-10-05 17:29:44,2026-10-05 20:29:44,2026-10-05,20,Monday,0,Al Haramain Road,Al_Haramain_Road_3,21.58853,39.22808,21.552360876982483,39.2348009020171,FRC0,69,93,949,704,0.7419,245,1,False,Medium
2026-10-05 17:29:44,2026-10-05 20:29:44,2026-10-05,20,Monday,0,Al Madinah Road,Al_Madinah_Road_1,21.67808,39.12614,21.720509834459893,39.13040530381966,FRC0,102,102,648,648,1.0,0,1,False,Low
2026-10-05 17:29:44,2026-10-05 20:29:44,2026-10-05,20,Monday,0,Al Madinah Road,Al_Madinah_Road_2,21.64356,39.14481,21.634007286572068,39.15128227769196,FRC0,94,94,81,81,1.0,0,1,False,Low
2026-10-05 17:29:44,2026-10-05 20:29:44,2026-10-05,20,Monday,0,Al Madinah Road,Al_Madinah_Road_3,21.61511,39.15536,21.597612362403563,39.159913626303876,FRC1,54,79,492,336,0.6835,156,1,False,Medium
2026-10-05 17:29:44,2026-10-05 20:29:44,2026-10-05,20,Monday,0,Al Madinah Road,Al_Madinah_Road_4,21.55194,39.17472,21.52924688610848,39.180449959631204,FRC3,51,71,483,347,0.7183,136,0.999189,False,Medium
2026-10-05 17:29:44,2026-10-05 20:29:44,2026-10-05,20,Monday,0,King Abdulaziz Road,King_Abdulaziz_Road_1,21.55642,39.12564,21.56783849585581,39.126322981698024,FRC3,84,84,132,132,1.0,0,1,False,Low
2026-10-05 17:29:44,2026-10-05 20:29:44,2026-10-05,20,Monday,0,King Abdulaziz Road,King_Abdulaziz_Road_2,21.59236,39.12375,21.680822573052378,39.11027800736724,FRC3,78,78,917,917,1.0,0,1,False,Low
2026-10-05 17:29:44,2026-10-05 20:29:44,2026-10-05,20,Monday,0,King Abdulaziz Road,King_Abdulaziz_Road_3,21.62064,39.11597,21.6390002039573,39.11163118181557,FRC3,83,83,661,661,1.0,0,1,False,Low
2026-10-05 19:02:02,2026-10-05 22:02:02,2026-10-05,22,Monday,0,Al Haramain Road,Al_Haramain_Road_1,21.72336,39.19394,21.735295564288815,39.189261016247144,FRC0,96,96,728,728,1.0,0,1,False,Low
2026-10-05 19:02:02,2026-10-05 22:02:02,2026-10-05,22,Monday,0,Al Haramain Road,Al_Haramain_Road_2,21.62897,39.21308,21.54375360318856,39.23716929257782,FRC0,92,92,756,756,1.0,0,1,False,Low
2026-10-05 19:02:02,2026-10-05 22:02:02,2026-10-05,22,Monday,0,Al Haramain Road,Al_Haramain_Road_3,21.58853,39.22808,21.552360876982483,39.2348009020171,FRC0,93,93,704,704,1.0,0,1,False,Low
2026-10-05 19:02:02,2026-10-05 22:02:02,2026-10-05,22,Monday,0,Al Madinah Road,Al_Madinah_Road_1,21.67808,39.12614,21.720509834459893,39.13040530381966,FRC0,102,102,648,648,1.0,0,1,False,Low
2026-10-05 19:02:02,2026-10-05 22:02:02,2026-10-05,22,Monday,0,Al Madinah Road,Al_Madinah_Road_2,21.64356,39.14481,21.634007286572068,39.15128227769196,FRC0,94,94,81,81,1.0,0,1,False,Low
2026-10-05 19:02:02,2026-10-05 22:02:02,2026-10-05,22,Monday,0,Al Madinah Road,Al_Madinah_Road_3,21.61511,39.15536,21.597612362403563,39.159913626303876,FRC1,50,79,531,336,0.6329,195,1,False,Medium
2026-10-05 19:02:02,2026-10-05 22:02:02,2026-10-05,22,Monday,0,Al Madinah Road,Al_Madinah_Road_4,21.55194,39.17472,21.52924688610848,39.180449959631204,FRC3,58,70,424,352,0.8286,72,1,False,Medium
2026-10-05 19:02:02,2026-10-05 22:02:02,2026-10-05,22,Monday,0,King Abdulaziz Road,King_Abdulaziz_Road_1,21.55642,39.12564,21.56783849585581,39.126322981698024,FRC3,84,84,132,132,1.0,0,1,False,Low
2026-10-05 19:02:02,2026-10-05 22:02:02,2026-10-05,22,Monday,0,King Abdulaziz Road,King_Abdulaziz_Road_2,21.59236,39.12375,21.680822573052378,39.11027800736724,FRC3,78,78,917,917,1.0,0,1,False,Low
2026-10-05 19:02:02,2026-10-05 22:02:02,2026-10-05,22,Monday,0,King Abdulaziz Road,King_Abdulaziz_Road_3,21.62064,39.11597,21.6390002039573,39.11163118181557,FRC3,83,83,661,661,1.0,0,1,False,Low
2026-10-05 20:03:31,2026-10-05 23:03:31,2026-10-05,23,Monday,0,Al Haramain Road,Al_Haramain_Road_1,21.72336,39.19394,21.735295564288815,39.189261016247144,FRC0,96,96,728,728,1.0,0,1,False,Low
2026-10-05 20:03:31,2026-10-05 23:03:31,2026-10-05,23,Monday,0,Al Haramain Road,Al_Haramain_Road_2,21.62897,39.21308,21.54375360318856,39.23716929257782,FRC0,92,92,756,756,1.0,0,1,False,Low
2026-10-05 20:03:31,2026-10-05 23:03:31,2026-10-05,23,Monday,0,Al Haramain Road,Al_Haramain_Road_3,21.58853,39.22808,21.552360876982483,39.2348009020171,FRC0,93,93,704,704,1.0,0,1,False,Low
2026-10-05 20:03:31,2026-10-05 23:03:31,2026-10-05,23,Monday,0,Al Madinah Road,Al_Madinah_Road_1,21.67808,39.12614,21.720509834459893,39.13040530381966,FRC0,102,102,648,648,1.0,0,1,False,Low
2026-10-05 20:03:31,2026-10-05 23:03:31,2026-10-05,23,Monday,0,Al Madinah Road,Al_Madinah_Road_2,21.64356,39.14481,21.634007286572068,39.15128227769196,FRC0,94,94,81,81,1.0,0,1,False,Low
2026-10-05 20:03:31,2026-10-05 23:03:31,2026-10-05,23,Monday,0,Al Madinah Road,Al_Madinah_Road_3,21.61511,39.15536,21.597612362403563,39.159913626303876,FRC1,79,79,336,336,1.0,0,1,False,Low
2026-10-05 20:03:31,2026-10-05 23:03:31,2026-10-05,23,Monday,0,Al Madinah Road,Al_Madinah_Road_4,21.55194,39.17472,21.52924688610848,39.180449959631204,FRC3,60,70,410,352,0.8571,58,0.997804,False,Low
2026-10-05 20:03:31,2026-10-05 23:03:31,2026-10-05,23,Monday,0,King Abdulaziz Road,King_Abdulaziz_Road_1,21.55642,39.12564,21.56783849585581,39.126322981698024,FRC3,84,84,132,132,1.0,0,1,False,Low
2026-10-05 20:03:31,2026-10-05 23:03:31,2026-10-05,23,Monday,0,King Abdulaziz Road,King_Abdulaziz_Road_2,21.59236,39.12375,21.680822573052378,39.11027800736724,FRC3,78,78,917,917,1.0,0,1,False,Low
2026-10-05 20:03:31,2026-10-05 23:03:31,2026-10-05,23,Monday,0,King Abdulaziz Road,King_Abdulaziz_Road_3,21.62064,39.11597,21.6390002039573,39.11163118181557,FRC3,83,83,661,661,1.0,0,1,False,Low
2026-10-05 20:41:02,2026-10-05 23:41:02,2026-10-05,23,Monday,0,Al Haramain Road,Al_Haramain_Road_1,21.72336,39.19394,21.735295564288815,39.189261016247144,FRC0,80,95,873,735,0.8421,138,1,False,Medium
2026-10-05 20:41:02,2026-10-05 23:41:02,2026-10-05,23,Monday,0,Al Haramain Road,Al_Haramain_Road_2,21.62897,39.21308,21.54375360318856,39.23716929257782,FRC0,92,92,756,756,1.0,0,1,False,Low
2026-10-05 20:41:02,2026-10-05 23:41:02,2026-10-05,23,Monday,0,Al Haramain Road,Al_Haramain_Road_3,21.58853,39.22808,21.552360876982483,39.2348009020171,FRC0,74,93,885,704,0.7957,181,1,False,Medium
2026-10-05 20:41:02,2026-10-05 23:41:02,2026-10-05,23,Monday,0,Al Madinah Road,Al_Madinah_Road_1,21.67808,39.12614,21.720509834459893,39.13040530381966,FRC0,102,102,648,648,1.0,0,1,False,Low
2026-10-05 20:41:02,2026-10-05 23:41:02,2026-10-05,23,Monday,0,Al Madinah Road,Al_Madinah_Road_2,21.64356,39.14481,21.634007286572068,39.15128227769196,FRC0,94,94,81,81,1.0,0,1,False,Low
2026-10-05 20:41:02,2026-10-05 23:41:02,2026-10-05,23,Monday,0,Al Madinah Road,Al_Madinah_Road_3,21.61511,39.15536,21.597612362403563,39.159913626303876,FRC1,79,79,336,336,1.0,0,1,False,Low
2026-10-05 20:41:02,2026-10-05 23:41:02,2026-10-05,23,Monday,0,Al Madinah Road,Al_Madinah_Road_4,21.55194,39.17472,21.52924688610848,39.180449959631204,FRC3,70,70,352,352,1.0,0,1,False,Low
2026-10-05 20:41:02,2026-10-05 23:41:02,2026-10-05,23,Monday,0,King Abdulaziz Road,King_Abdulaziz_Road_1,21.55642,39.12564,21.56783849585581,39.126322981698024,FRC3,84,84,132,132,1.0,0,1,False,Low
2026-10-05 20:41:02,2026-10-05 23:41:02,2026-10-05,23,Monday,0,King Abdulaziz Road,King_Abdulaziz_Road_2,21.59236,39.12375,21.680822573052378,39.11027800736724,FRC3,78,78,917,917,1.0,0,1,False,Low
2026-10-05 20:41:02,2026-10-05 23:41:02,2026-10-05,23,Monday,0,King Abdulaziz Road,King_Abdulaziz_Road_3,21.62064,39.11597,21.6390002039573,39.11163118181557,FRC3,83,83,661,661,1.0,0,1,False,Low
2026-10-05 20:55:47,2026-10-05 23:55:47,2026-10-05,23,Monday,0,Al Haramain Road,Al_Haramain_Road_1,21.72336,39.19394,21.735295564288815,39.189261016247144,FRC0,81,94,862,743,0.8617,119,1,False,Low
2026-10-05 20:55:47,2026-10-05 23:55:47,2026-10-05,23,Monday,0,Al Haramain Road,Al_Haramain_Road_2,21.62897,39.21308,21.54375360318856,39.23716929257782,FRC0,92,92,756,756,1.0,0,1,False,Low
2026-10-05 20:55:47,2026-10-05 23:55:47,2026-10-05,23,Monday,0,Al Haramain Road,Al_Haramain_Road_3,21.58853,39.22808,21.552360876982483,39.2348009020171,FRC0,93,93,704,704,1.0,0,1,False,Low
2026-10-05 20:55:47,2026-10-05 23:55:47,2026-10-05,23,Monday,0,Al Madinah Road,Al_Madinah_Road_1,21.67808,39.12614,21.720509834459893,39.13040530381966,FRC0,102,102,648,648,1.0,0,1,False,Low
2026-10-05 20:55:47,2026-10-05 23:55:47,2026-10-05,23,Monday,0,Al Madinah Road,Al_Madinah_Road_2,21.64356,39.14481,21.634007286572068,39.15128227769196,FRC0,94,94,81,81,1.0,0,1,False,Low
2026-10-05 20:55:47,2026-10-05 23:55:47,2026-10-05,23,Monday,0,Al Madinah Road,Al_Madinah_Road_3,21.61511,39.15536,21.597612362403563,39.159913626303876,FRC1,79,79,336,336,1.0,0,1,False,Low
2026-10-05 20:55:47,2026-10-05 23:55:47,2026-10-05,23,Monday,0,Al Madinah Road,Al_Madinah_Road_4,21.55194,39.17472,21.52924688610848,39.180449959631204,FRC3,70,70,352,352,1.0,0,1,False,Low
2026-10-05 20:55:47,2026-10-05 23:55:47,2026-10-05,23,Monday,0,King Abdulaziz Road,King_Abdulaziz_Road_1,21.55642,39.12564,21.56783849585581,39.126322981698024,FRC3,84,84,132,132,1.0,0,1,False,Low
2026-10-05 20:55:47,2026-10-05 23:55:47,2026-10-05,23,Monday,0,King Abdulaziz Road,King_Abdulaziz_Road_2,21.59236,39.12375,21.680822573052378,39.11027800736724,FRC3,78,78,917,917,1.0,0,1,False,Low
2026-10-05 20:55:47,2026-10-05 23:55:47,2026-10-05,23,Monday,0,King Abdulaziz Road,King_Abdulaziz_Road_3,21.62064,39.11597,21.6390002039573,39.11163118181557,FRC3,83,83,661,661,1.0,0,1,False,Low
2026-10-05 21:11:00,2026-10-06 00:11:00,2026-10-06,0,Tuesday,0,Al Haramain Road,Al_Haramain_Road_1,21.72336,39.19394,21.735295564288815,39.189261016247144,FRC0,96,96,728,728,1.0,0,1,False,Low
2026-10-05 21:11:00,2026-10-06 00:11:00,2026-10-06,0,Tuesday,0,Al Haramain Road,Al_Haramain_Road_2,21.62897,39.21308,21.54375360318856,39.23716929257782,FRC0,92,92,756,756,1.0,0,1,False,Low
2026-10-05 21:11:00,2026-10-06 00:11:00,2026-10-06,0,Tuesday,0,Al Haramain Road,Al_Haramain_Road_3,21.58853,39.22808,21.552360876982483,39.2348009020171,FRC0,93,93,704,704,1.0,0,1,False,Low
2026-10-05 21:11:00,2026-10-06 00:11:00,2026-10-06,0,Tuesday,0,Al Madinah Road,Al_Madinah_Road_1,21.67808,39.12614,21.720509834459893,39.13040530381966,FRC0,102,102,648,648,1.0,0,1,False,Low
2026-10-05 21:11:00,2026-10-06 00:11:00,2026-10-06,0,Tuesday,0,Al Madinah Road,Al_Madinah_Road_2,21.64356,39.14481,21.634007286572068,39.15128227769196,FRC0,94,94,81,81,1.0,0,1,False,Low
2026-10-05 21:11:00,2026-10-06 00:11:00,2026-10-06,0,Tuesday,0,Al Madinah Road,Al_Madinah_Road_3,21.61511,39.15536,21.597612362403563,39.159913626303876,FRC1,79,79,336,336,1.0,0,1,False,Low
2026-10-05 21:11:00,2026-10-06 00:11:00,2026-10-06,0,Tuesday,0,Al Madinah Road,Al_Madinah_Road_4,21.55194,39.17472,21.52924688610848,39.180449959631204,FRC3,70,70,352,352,1.0,0,1,False,Low
2026-10-05 21:11:00,2026-10-06 00:11:00,2026-10-06,0,Tuesday,0,King Abdulaziz Road,King_Abdulaziz_Road_1,21.55642,39.12564,21.56783849585581,39.126322981698024,FRC3,84,84,132,132,1.0,0,1,False,Low
2026-10-05 21:11:00,2026-10-06 00:11:00,2026-10-06,0,Tuesday,0,King Abdulaziz Road,King_Abdulaziz_Road_2,21.59236,39.12375,21.680822573052378,39.11027800736724,FRC3,78,78,917,917,1.0,0,1,False,Low
2026-10-05 21:11:00,2026-10-06 00:11:00,2026-10-06,0,Tuesday,0,King Abdulaziz Road,King_Abdulaziz_Road_3,21.62064,39.11597,21.6390002039573,39.11163118181557,FRC3,83,83,661,661,1.0,0,1,False,Low
2026-10-05 21:22:07,2026-10-06 00:22:07,2026-10-06,0,Tuesday,0,Al Haramain Road,Al_Haramain_Road_1,21.72336,39.19394,21.735295564288815,39.189261016247144,FRC0,96,96,728,728,1.0,0,1,False,Low
2026-10-05 21:22:07,2026-10-06 00:22:07,2026-10-06,0,Tuesday,0,Al Haramain Road,Al_Haramain_Road_2,21.62897,39.21308,21.54375360318856,39.23716929257782,FRC0,92,92,756,756,1.0,0,1,False,Low
2026-10-05 21:22:07,2026-10-06 00:22:07,2026-10-06,0,Tuesday,0,Al Haramain Road,Al_Haramain_Road_3,21.58853,39.22808,21.552360876982483,39.2348009020171,FRC0,93,93,704,704,1.0,0,1,False,Low
2026-10-05 21:22:07,2026-10-06 00:22:07,2026-10-06,0,Tuesday,0,Al Madinah Road,Al_Madinah_Road_1,21.67808,39.12614,21.720509834459893,39.13040530381966,FRC0,102,102,648,648,1.0,0,1,False,Low
2026-10-05 21:22:07,2026-10-06 00:22:07,2026-10-06,0,Tuesday,0,Al Madinah Road,Al_Madinah_Road_2,21.64356,39.14481,21.634007286572068,39.15128227769196,FRC0,94,94,81,81,1.0,0,1,False,Low
2026-10-05 21:22:07,2026-10-06 00:22:07,2026-10-06,0,Tuesday,0,Al Madinah Road,Al_Madinah_Road_3,21.61511,39.15536,21.597612362403563,39.159913626303876,FRC1,79,79,336,336,1.0,0,1,False,Low
2026-10-05 21:22:07,2026-10-06 00:22:07,2026-10-06,0,Tuesday,0,Al Madinah Road,Al_Madinah_Road_4,21.55194,39.17472,21.52924688610848,39.180449959631204,FRC3,70,70,352,352,1.0,0,1,False,Low
2026-10-05 21:22:07,2026-10-06 00:22:07,2026-10-06,0,Tuesday,0,King Abdulaziz Road,King_Abdulaziz_Road_1,21.55642,39.12564,21.56783849585581,39.126322981698024,FRC3,84,84,132,132,1.0,0,1,False,Low
2026-10-05 21:22:07,2026-10-06 00:22:07,2026-10-06,0,Tuesday,0,King Abdulaziz Road,King_Abdulaziz_Road_2,21.59236,39.12375,21.680822573052378,39.11027800736724,FRC3,78,78,917,917,1.0,0,1,False,Low
2026-10-05 21:22:07,2026-10-06 00:22:07,2026-10-06,0,Tuesday,0,King Abdulaziz Road,King_Abdulaziz_Road_3,21.62064,39.11597,21.6390002039573,39.11163118181557,FRC3,83,83,661,661,1.0,0,1,False,Low
2026-10-05 21:30:36,2026-10-06 00:30:36,2026-10-06,0,Tuesday,0,Al Haramain Road,Al_Haramain_Road_1,21.72336,39.19394,21.735295564288815,39.189261016247144,FRC0,96,96,728,728,1.0,0,1,False,Low
2026-10-05 21:30:36,2026-10-06 00:30:36,2026-10-06,0,Tuesday,0,Al Haramain Road,Al_Haramain_Road_2,21.62897,39.21308,21.54375360318856,39.23716929257782,FRC0,87,91,800,764,0.956,36,1,False,Low
2026-10-05 21:30:36,2026-10-06 00:30:36,2026-10-06,0,Tuesday,0,Al Haramain Road,Al_Haramain_Road_3,21.58853,39.22808,21.552360876982483,39.2348009020171,FRC0,93,93,704,704,1.0,0,1,False,Low
2026-10-05 21:30:36,2026-10-06 00:30:36,2026-10-06,0,Tuesday,0,Al Madinah Road,Al_Madinah_Road_1,21.67808,39.12614,21.720509834459893,39.13040530381966,FRC0,102,102,648,648,1.0,0,1,False,Low
2026-10-05 21:30:36,2026-10-06 00:30:36,2026-10-06,0,Tuesday,0,Al Madinah Road,Al_Madinah_Road_2,21.64356,39.14481,21.634007286572068,39.15128227769196,FRC0,94,94,81,81,1.0,0,1,False,Low
2026-10-05 21:30:36,2026-10-06 00:30:36,2026-10-06,0,Tuesday,0,Al Madinah Road,Al_Madinah_Road_3,21.61511,39.15536,21.597612362403563,39.159913626303876,FRC1,79,79,336,336,1.0,0,1,False,Low
2026-10-05 21:30:36,2026-10-06 00:30:36,2026-10-06,0,Tuesday,0,Al Madinah Road,Al_Madinah_Road_4,21.55194,39.17472,21.52924688610848,39.180449959631204,FRC3,70,70,352,352,1.0,0,1,False,Low
2026-10-05 21:30:36,2026-10-06 00:30:36,2026-10-06,0,Tuesday,0,King Abdulaziz Road,King_Abdulaziz_Road_1,21.55642,39.12564,21.56783849585581,39.126322981698024,FRC3,84,84,132,132,1.0,0,1,False,Low
2026-10-05 21:30:36,2026-10-06 00:30:36,2026-10-06,0,Tuesday,0,King Abdulaziz Road,King_Abdulaziz_Road_2,21.59236,39.12375,21.680822573052378,39.11027800736724,FRC3,78,78,917,917,1.0,0,1,False,Low
2026-10-05 21:30:36,2026-10-06 00:30:36,2026-10-06,0,Tuesday,0,King Abdulaziz Road,King_Abdulaziz_Road_3,21.62064,39.11597,21.6390002039573,39.11163118181557,FRC3,83,83,661,661,1.0,0,1,False,Low
2026-10-05 21:40:31,2026-10-06 00:40:31,2026-10-06,0,Tuesday,0,Al Haramain Road,Al_Haramain_Road_1,21.72336,39.19394,21.735295564288815,39.189261016247144,FRC0,96,96,728,728,1.0,0,1,False,Low
2026-10-05 21:40:31,2026-10-06 00:40:31,2026-10-06,0,Tuesday,0,Al Haramain Road,Al_Haramain_Road_2,21.62897,39.21308,21.54375360318856,39.23716929257782,FRC0,92,92,756,756,1.0,0,1,False,Low
2026-10-05 21:40:31,2026-10-06 00:40:31,2026-10-06,0,Tuesday,0,Al Haramain Road,Al_Haramain_Road_3,21.58853,39.22808,21.552360876982483,39.2348009020171,FRC0,93,93,704,704,1.0,0,1,False,Low
2026-10-05 21:40:31,2026-10-06 00:40:31,2026-10-06,0,Tuesday,0,Al Madinah Road,Al_Madinah_Road_1,21.67808,39.12614,21.720509834459893,39.13040530381966,FRC0,102,102,648,648,1.0,0,1,False,Low
2026-10-05 21:40:31,2026-10-06 00:40:31,2026-10-06,0,Tuesday,0,Al Madinah Road,Al_Madinah_Road_2,21.64356,39.14481,21.634007286572068,39.15128227769196,FRC0,94,94,81,81,1.0,0,1,False,Low
2026-10-05 21:40:31,2026-10-06 00:40:31,2026-10-06,0,Tuesday,0,Al Madinah Road,Al_Madinah_Road_3,21.61511,39.15536,21.597612362403563,39.159913626303876,FRC1,79,79,336,336,1.0,0,1,False,Low
2026-10-05 21:40:31,2026-10-06 00:40:31,2026-10-06,0,Tuesday,0,Al Madinah Road,Al_Madinah_Road_4,21.55194,39.17472,21.52924688610848,39.180449959631204,FRC3,70,70,352,352,1.0,0,1,False,Low
2026-10-05 21:40:31,2026-10-06 00:40:31,2026-10-06,0,Tuesday,0,King Abdulaziz Road,King_Abdulaziz_Road_1,21.55642,39.12564,21.56783849585581,39.126322981698024,FRC3,84,84,132,132,1.0,0,1,False,Low
2026-10-05 21:40:31,2026-10-06 00:40:31,2026-10-06,0,Tuesday,0,King Abdulaziz Road,King_Abdulaziz_Road_2,21.59236,39.12375,21.680822573052378,39.11027800736724,FRC3,78,78,917,917,1.0,0,1,False,Low
2026-10-05 21:40:31,2026-10-06 00:40:31,2026-10-06,0,Tuesday,0,King Abdulaziz Road,King_Abdulaziz_Road_3,21.62064,39.11597,21.6390002039573,39.11163118181557,FRC3,83,83,661,661,1.0,0,1,False,Low
2026-10-05 21:50:32,2026-10-06 00:50:32,2026-10-06,0,Tuesday,0,Al Haramain Road,Al_Haramain_Road_1,21.72336,39.19394,21.735295564288815,39.189261016247144,FRC0,96,96,728,728,1.0,0,1,False,Low
2026-10-05 21:50:32,2026-10-06 00:50:32,2026-10-06,0,Tuesday,0,Al Haramain Road,Al_Haramain_Road_2,21.62897,39.21308,21.54375360318856,39.23716929257782,FRC0,92,92,756,756,1.0,0,1,False,Low
2026-10-05 21:50:32,2026-10-06 00:50:32,2026-10-06,0,Tuesday,0,Al Haramain Road,Al_Haramain_Road_3,21.58853,39.22808,21.552360876982483,39.2348009020171,FRC0,93,93,704,704,1.0,0,1,False,Low
2026-10-05 21:50:32,2026-10-06 00:50:32,2026-10-06,0,Tuesday,0,Al Madinah Road,Al_Madinah_Road_1,21.67808,39.12614,21.720509834459893,39.13040530381966,FRC0,102,102,648,648,1.0,0,1,False,Low
2026-10-05 21:50:32,2026-10-06 00:50:32,2026-10-06,0,Tuesday,0,Al Madinah Road,Al_Madinah_Road_2,21.64356,39.14481,21.634007286572068,39.15128227769196,FRC0,94,94,81,81,1.0,0,1,False,Low
2026-10-05 21:50:32,2026-10-06 00:50:32,2026-10-06,0,Tuesday,0,Al Madinah Road,Al_Madinah_Road_3,21.61511,39.15536,21.597612362403563,39.159913626303876,FRC1,79,79,336,336,1.0,0,1,False,Low
2026-10-05 21:50:32,2026-10-06 00:50:32,2026-10-06,0,Tuesday,0,Al Madinah Road,Al_Madinah_Road_4,21.55194,39.17472,21.52924688610848,39.180449959631204,FRC3,70,70,352,352,1.0,0,1,False,Low
2026-10-05 21:50:32,2026-10-06 00:50:32,2026-10-06,0,Tuesday,0,King Abdulaziz Road,King_Abdulaziz_Road_1,21.55642,39.12564,21.56783849585581,39.126322981698024,FRC3,84,84,132,132,1.0,0,1,False,Low
2026-10-05 21:50:32,2026-10-06 00:50:32,2026-10-06,0,Tuesday,0,King Abdulaziz Road,King_Abdulaziz_Road_2,21.59236,39.12375,21.680822573052378,39.11027800736724,FRC3,78,78,917,917,1.0,0,1,False,Low
2026-10-05 21:50:32,2026-10-06 00:50:32,2026-10-06,0,Tuesday,0,King Abdulaziz Road,King_Abdulaziz_Road_3,21.62064,39.11597,21.6390002039573,39.11163118181557,FRC3,83,83,661,661,1.0,0,1,False,Low
2026-10-05 22:00:43,2026-10-06 01:00:43,2026-10-06,1,Tuesday,0,Al Haramain Road,Al_Haramain_Road_1,21.72336,39.19394,21.735295564288815,39.189261016247144,FRC0,96,96,728,728,1.0,0,1,False,Low
2026-10-05 22:00:43,2026-10-06 01:00:43,2026-10-06,1,Tuesday,0,Al Haramain Road,Al_Haramain_Road_2,21.62897,39.21308,21.54375360318856,39.23716929257782,FRC0,92,92,756,756,1.0,0,1,False,Low
2026-10-05 22:00:43,2026-10-06 01:00:43,2026-10-06,1,Tuesday,0,Al Haramain Road,Al_Haramain_Road_3,21.58853,39.22808,21.552360876982483,39.2348009020171,FRC0,93,93,704,704,1.0,0,1,False,Low
2026-10-05 22:00:43,2026-10-06 01:00:43,2026-10-06,1,Tuesday,0,Al Madinah Road,Al_Madinah_Road_1,21.67808,39.12614,21.720509834459893,39.13040530381966,FRC0,102,102,648,648,1.0,0,1,False,Low
2026-10-05 22:00:43,2026-10-06 01:00:43,2026-10-06,1,Tuesday,0,Al Madinah Road,Al_Madinah_Road_2,21.64356,39.14481,21.634007286572068,39.15128227769196,FRC0,94,94,81,81,1.0,0,1,False,Low
2026-10-05 22:00:43,2026-10-06 01:00:43,2026-10-06,1,Tuesday,0,Al Madinah Road,Al_Madinah_Road_3,21.61511,39.15536,21.597612362403563,39.159913626303876,FRC1,79,79,336,336,1.0,0,1,False,Low
2026-10-05 22:00:43,2026-10-06 01:00:43,2026-10-06,1,Tuesday,0,Al Madinah Road,Al_Madinah_Road_4,21.55194,39.17472,21.52924688610848,39.180449959631204,FRC3,70,70,352,352,1.0,0,1,False,Low
2026-10-05 22:00:43,2026-10-06 01:00:43,2026-10-06,1,Tuesday,0,King Abdulaziz Road,King_Abdulaziz_Road_1,21.55642,39.12564,21.56783849585581,39.126322981698024,FRC3,84,84,132,132,1.0,0,1,False,Low
2026-10-05 22:00:43,2026-10-06 01:00:43,2026-10-06,1,Tuesday,0,King Abdulaziz Road,King_Abdulaziz_Road_2,21.59236,39.12375,21.680822573052378,39.11027800736724,FRC3,78,78,917,917,1.0,0,1,False,Low
2026-10-05 22:00:43,2026-10-06 01:00:43,2026-10-06,1,Tuesday,0,King Abdulaziz Road,King_Abdulaziz_Road_3,21.62064,39.11597,21.6390002039573,39.11163118181557,FRC3,83,83,661,661,1.0,0,1,False,Low
2026-10-05 22:10:27,2026-10-06 01:10:27,2026-10-06,1,Tuesday,0,Al Haramain Road,Al_Haramain_Road_1,21.72336,39.19394,21.735295564288815,39.189261016247144,FRC0,96,96,728,728,1.0,0,1,False,Low
2026-10-05 22:10:27,2026-10-06 01:10:27,2026-10-06,1,Tuesday,0,Al Haramain Road,Al_Haramain_Road_2,21.62897,39.21308,21.54375360318856,39.23716929257782,FRC0,86,92,809,756,0.9348,53,1,False,Low
2026-10-05 22:10:27,2026-10-06 01:10:27,2026-10-06,1,Tuesday,0,Al Haramain Road,Al_Haramain_Road_3,21.58853,39.22808,21.552360876982483,39.2348009020171,FRC0,93,93,704,704,1.0,0,1,False,Low
2026-10-05 22:10:27,2026-10-06 01:10:27,2026-10-06,1,Tuesday,0,Al Madinah Road,Al_Madinah_Road_1,21.67808,39.12614,21.720509834459893,39.13040530381966,FRC0,102,102,648,648,1.0,0,1,False,Low
2026-10-05 22:10:27,2026-10-06 01:10:27,2026-10-06,1,Tuesday,0,Al Madinah Road,Al_Madinah_Road_2,21.64356,39.14481,21.634007286572068,39.15128227769196,FRC0,94,94,81,81,1.0,0,1,False,Low
2026-10-05 22:10:27,2026-10-06 01:10:27,2026-10-06,1,Tuesday,0,Al Madinah Road,Al_Madinah_Road_3,21.61511,39.15536,21.597612362403563,39.159913626303876,FRC1,79,79,336,336,1.0,0,1,False,Low
2026-10-05 22:10:27,2026-10-06 01:10:27,2026-10-06,1,Tuesday,0,Al Madinah Road,Al_Madinah_Road_4,21.55194,39.17472,21.52924688610848,39.180449959631204,FRC3,70,70,352,352,1.0,0,1,False,Low
2026-10-05 22:10:27,2026-10-06 01:10:27,2026-10-06,1,Tuesday,0,King Abdulaziz Road,King_Abdulaziz_Road_1,21.55642,39.12564,21.56783849585581,39.126322981698024,FRC3,84,84,132,132,1.0,0,1,False,Low
2026-10-05 22:10:27,2026-10-06 01:10:27,2026-10-06,1,Tuesday,0,King Abdulaziz Road,King_Abdulaziz_Road_2,21.59236,39.12375,21.680822573052378,39.11027800736724,FRC3,78,78,917,917,1.0,0,1,False,Low
2026-10-05 22:10:27,2026-10-06 01:10:27,2026-10-06,1,Tuesday,0,King Abdulaziz Road,King_Abdulaziz_Road_3,21.62064,39.11597,21.6390002039573,39.11163118181557,FRC3,83,83,661,661,1.0,0,1,False,Low
2026-10-05 22:20:34,2026-10-06 01:20:34,2026-10-06,1,Tuesday,0,Al Haramain Road,Al_Haramain_Road_1,21.72336,39.19394,21.735295564288815,39.189261016247144,FRC0,96,96,728,728,1.0,0,1,False,Low
2026-10-05 22:20:34,2026-10-06 01:20:34,2026-10-06,1,Tuesday,0,Al Haramain Road,Al_Haramain_Road_2,21.62897,39.21308,21.54375360318856,39.23716929257782,FRC0,92,92,756,756,1.0,0,1,False,Low
2026-10-05 22:20:34,2026-10-06 01:20:34,2026-10-06,1,Tuesday,0,Al Haramain Road,Al_Haramain_Road_3,21.58853,39.22808,21.552360876982483,39.2348009020171,FRC0,93,93,704,704,1.0,0,1,False,Low
2026-10-05 22:20:34,2026-10-06 01:20:34,2026-10-06,1,Tuesday,0,Al Madinah Road,Al_Madinah_Road_1,21.67808,39.12614,21.720509834459893,39.13040530381966,FRC0,102,102,648,648,1.0,0,1,False,Low
2026-10-05 22:20:34,2026-10-06 01:20:34,2026-10-06,1,Tuesday,0,Al Madinah Road,Al_Madinah_Road_2,21.64356,39.14481,21.634007286572068,39.15128227769196,FRC0,94,94,81,81,1.0,0,1,False,Low
2026-10-05 22:20:34,2026-10-06 01:20:34,2026-10-06,1,Tuesday,0,Al Madinah Road,Al_Madinah_Road_3,21.61511,39.15536,21.597612362403563,39.159913626303876,FRC1,79,79,336,336,1.0,0,1,False,Low
2026-10-05 22:20:34,2026-10-06 01:20:34,2026-10-06,1,Tuesday,0,Al Madinah Road,Al_Madinah_Road_4,21.55194,39.17472,21.52924688610848,39.180449959631204,FRC3,70,70,352,352,1.0,0,1,False,Low
2026-10-05 22:20:34,2026-10-06 01:20:34,2026-10-06,1,Tuesday,0,King Abdulaziz Road,King_Abdulaziz_Road_1,21.55642,39.12564,21.56783849585581,39.126322981698024,FRC3,84,84,132,132,1.0,0,1,False,Low
2026-10-05 22:20:34,2026-10-06 01:20:34,2026-10-06,1,Tuesday,0,King Abdulaziz Road,King_Abdulaziz_Road_2,21.59236,39.12375,21.680822573052378,39.11027800736724,FRC3,78,78,917,917,1.0,0,1,False,Low
2026-10-05 22:20:34,2026-10-06 01:20:34,2026-10-06,1,Tuesday,0,King Abdulaziz Road,King_Abdulaziz_Road_3,21.62064,39.11597,21.6390002039573,39.11163118181557,FRC3,83,83,661,661,1.0,0,1,False,Low
2026-10-05 22:30:37,2026-10-06 01:30:37,2026-10-06,1,Tuesday,0,Al Haramain Road,Al_Haramain_Road_1,21.72336,39.19394,21.735295564288815,39.189261016247144,FRC0,96,96,728,728,1.0,0,1,False,Low
2026-10-05 22:30:37,2026-10-06 01:30:37,2026-10-06,1,Tuesday,0,Al Haramain Road,Al_Haramain_Road_2,21.62897,39.21308,21.54375360318856,39.23716929257782,FRC0,92,92,756,756,1.0,0,1,False,Low
2026-10-05 22:30:37,2026-10-06 01:30:37,2026-10-06,1,Tuesday,0,Al Haramain Road,Al_Haramain_Road_3,21.58853,39.22808,21.552360876982483,39.2348009020171,FRC0,93,93,704,704,1.0,0,1,False,Low
2026-10-05 22:30:37,2026-10-06 01:30:37,2026-10-06,1,Tuesday,0,Al Madinah Road,Al_Madinah_Road_1,21.67808,39.12614,21.720509834459893,39.13040530381966,FRC0,102,102,648,648,1.0,0,1,False,Low
2026-10-05 22:30:37,2026-10-06 01:30:37,2026-10-06,1,Tuesday,0,Al Madinah Road,Al_Madinah_Road_2,21.64356,39.14481,21.634007286572068,39.15128227769196,FRC0,94,94,81,81,1.0,0,1,False,Low
2026-10-05 22:30:37,2026-10-06 01:30:37,2026-10-06,1,Tuesday,0,Al Madinah Road,Al_Madinah_Road_3,21.61511,39.15536,21.597612362403563,39.159913626303876,FRC1,79,79,336,336,1.0,0,1,False,Low
2026-10-05 22:30:37,2026-10-06 01:30:37,2026-10-06,1,Tuesday,0,Al Madinah Road,Al_Madinah_Road_4,21.55194,39.17472,21.52924688610848,39.180449959631204,FRC3,70,70,352,352,1.0,0,1,False,Low
2026-10-05 22:30:37,2026-10-06 01:30:37,2026-10-06,1,Tuesday,0,King Abdulaziz Road,King_Abdulaziz_Road_1,21.55642,39.12564,21.56783849585581,39.126322981698024,FRC3,84,84,132,132,1.0,0,1,False,Low
2026-10-05 22:30:37,2026-10-06 01:30:37,2026-10-06,1,Tuesday,0,King Abdulaziz Road,King_Abdulaziz_Road_2,21.59236,39.12375,21.680822573052378,39.11027800736724,FRC3,78,78,917,917,1.0,0,1,False,Low
2026-10-05 22:30:37,2026-10-06 01:30:37,2026-10-06,1,Tuesday,0,King Abdulaziz Road,King_Abdulaziz_Road_3,21.62064,39.11597,21.6390002039573,39.11163118181557,FRC3,83,83,661,661,1.0,0,1,False,Low
2026-10-05 22:40:27,2026-10-06 01:40:27,2026-10-06,1,Tuesday,0,Al Haramain Road,Al_Haramain_Road_1,21.72336,39.19394,21.735295564288815,39.189261016247144,FRC0,96,96,728,728,1.0,0,1,False,Low
2026-10-05 22:40:27,2026-10-06 01:40:27,2026-10-06,1,Tuesday,0,Al Haramain Road,Al_Haramain_Road_2,21.62897,39.21308,21.54375360318856,39.23716929257782,FRC0,92,92,756,756,1.0,0,1,False,Low
2026-10-05 22:40:27,2026-10-06 01:40:27,2026-10-06,1,Tuesday,0,Al Haramain Road,Al_Haramain_Road_3,21.58853,39.22808,21.552360876982483,39.2348009020171,FRC0,93,93,704,704,1.0,0,1,False,Low
2026-10-05 22:40:27,2026-10-06 01:40:27,2026-10-06,1,Tuesday,0,Al Madinah Road,Al_Madinah_Road_1,21.67808,39.12614,21.720509834459893,39.13040530381966,FRC0,102,102,648,648,1.0,0,1,False,Low
2026-10-05 22:40:27,2026-10-06 01:40:27,2026-10-06,1,Tuesday,0,Al Madinah Road,Al_Madinah_Road_2,21.64356,39.14481,21.634007286572068,39.15128227769196,FRC0,94,94,81,81,1.0,0,1,False,Low
2026-10-05 22:40:27,2026-10-06 01:40:27,2026-10-06,1,Tuesday,0,Al Madinah Road,Al_Madinah_Road_3,21.61511,39.15536,21.597612362403563,39.159913626303876,FRC1,79,79,336,336,1.0,0,1,False,Low
2026-10-05 22:40:27,2026-10-06 01:40:27,2026-10-06,1,Tuesday,0,Al Madinah Road,Al_Madinah_Road_4,21.55194,39.17472,21.52924688610848,39.180449959631204,FRC3,70,70,352,352,1.0,0,1,False,Low
2026-10-05 22:40:27,2026-10-06 01:40:27,2026-10-06,1,Tuesday,0,King Abdulaziz Road,King_Abdulaziz_Road_1,21.55642,39.12564,21.56783849585581,39.126322981698024,FRC3,84,84,132,132,1.0,0,1,False,Low
2026-10-05 22:40:27,2026-10-06 01:40:27,2026-10-06,1,Tuesday,0,King Abdulaziz Road,King_Abdulaziz_Road_2,21.59236,39.12375,21.680822573052378,39.11027800736724,FRC3,78,78,917,917,1.0,0,1,False,Low
2026-10-05 22:40:27,2026-10-06 01:40:27,2026-10-06,1,Tuesday,0,King Abdulaziz Road,King_Abdulaziz_Road_3,21.62064,39.11597,21.6390002039573,39.11163118181557,FRC3,83,83,661,661,1.0,0,1,False,Low
2026-10-05 22:50:27,2026-10-06 01:50:27,2026-10-06,1,Tuesday,0,Al Haramain Road,Al_Haramain_Road_1,21.72336,39.19394,21.735295564288815,39.189261016247144,FRC0,96,96,728,728,1.0,0,1,False,Low
2026-10-05 22:50:27,2026-10-06 01:50:27,2026-10-06,1,Tuesday,0,Al Haramain Road,Al_Haramain_Road_2,21.62897,39.21308,21.54375360318856,39.23716929257782,FRC0,92,92,756,756,1.0,0,1,False,Low
2026-10-05 22:50:27,2026-10-06 01:50:27,2026-10-06,1,Tuesday,0,Al Haramain Road,Al_Haramain_Road_3,21.58853,39.22808,21.552360876982483,39.2348009020171,FRC0,93,93,704,704,1.0,0,1,False,Low
2026-10-05 22:50:27,2026-10-06 01:50:27,2026-10-06,1,Tuesday,0,Al Madinah Road,Al_Madinah_Road_1,21.67808,39.12614,21.720509834459893,39.13040530381966,FRC0,102,102,648,648,1.0,0,1,False,Low
2026-10-05 22:50:27,2026-10-06 01:50:27,2026-10-06,1,Tuesday,0,Al Madinah Road,Al_Madinah_Road_2,21.64356,39.14481,21.634007286572068,39.15128227769196,FRC0,94,94,81,81,1.0,0,1,False,Low
2026-10-05 22:50:27,2026-10-06 01:50:27,2026-10-06,1,Tuesday,0,Al Madinah Road,Al_Madinah_Road_3,21.61511,39.15536,21.597612362403563,39.159913626303876,FRC1,79,79,336,336,1.0,0,1,False,Low
2026-10-05 22:50:27,2026-10-06 01:50:27,2026-10-06,1,Tuesday,0,Al Madinah Road,Al_Madinah_Road_4,21.55194,39.17472,21.52924688610848,39.180449959631204,FRC3,70,70,352,352,1.0,0,1,False,Low
2026-10-05 22:50:27,2026-10-06 01:50:27,2026-10-06,1,Tuesday,0,King Abdulaziz Road,King_Abdulaziz_Road_1,21.55642,39.12564,21.56783849585581,39.126322981698024,FRC3,84,84,132,132,1.0,0,1,False,Low
2026-10-05 22:50:27,2026-10-06 01:50:27,2026-10-06,1,Tuesday,0,King Abdulaziz Road,King_Abdulaziz_Road_2,21.59236,39.12375,21.680822573052378,39.11027800736724,FRC3,78,78,917,917,1.0,0,1,False,Low
2026-10-05 22:50:27,2026-10-06 01:50:27,2026-10-06,1,Tuesday,0,King Abdulaziz Road,King_Abdulaziz_Road_3,21.62064,39.11597,21.6390002039573,39.11163118181557,FRC3,83,83,661,661,1.0,0,1,False,Low
2026-10-05 23:00:43,2026-10-06 02:00:43,2026-10-06,2,Tuesday,0,Al Haramain Road,Al_Haramain_Road_1,21.72336,39.19394,21.735295564288815,39.189261016247144,FRC0,96,96,728,728,1.0,0,1,False,Low
2026-10-05 23:00:43,2026-10-06 02:00:43,2026-10-06,2,Tuesday,0,Al Haramain Road,Al_Haramain_Road_2,21.62897,39.21308,21.54375360318856,39.23716929257782,FRC0,92,92,756,756,1.0,0,1,False,Low
2026-10-05 23:00:43,2026-10-06 02:00:43,2026-10-06,2,Tuesday,0,Al Haramain Road,Al_Haramain_Road_3,21.58853,39.22808,21.552360876982483,39.2348009020171,FRC0,93,93,704,704,1.0,0,1,False,Low
2026-10-05 23:00:43,2026-10-06 02:00:43,2026-10-06,2,Tuesday,0,Al Madinah Road,Al_Madinah_Road_1,21.67808,39.12614,21.720509834459893,39.13040530381966,FRC0,102,102,648,648,1.0,0,1,False,Low
2026-10-05 23:00:43,2026-10-06 02:00:43,2026-10-06,2,Tuesday,0,Al Madinah Road,Al_Madinah_Road_2,21.64356,39.14481,21.634007286572068,39.15128227769196,FRC0,94,94,81,81,1.0,0,1,False,Low
2026-10-05 23:00:43,2026-10-06 02:00:43,2026-10-06,2,Tuesday,0,Al Madinah Road,Al_Madinah_Road_3,21.61511,39.15536,21.597612362403563,39.159913626303876,FRC1,79,79,336,336,1.0,0,1,False,Low
2026-10-05 23:00:43,2026-10-06 02:00:43,2026-10-06,2,Tuesday,0,Al Madinah Road,Al_Madinah_Road_4,21.55194,39.17472,21.52924688610848,39.180449959631204,FRC3,70,70,352,352,1.0,0,1,False,Low
2026-10-05 23:00:43,2026-10-06 02:00:43,2026-10-06,2,Tuesday,0,King Abdulaziz Road,King_Abdulaziz_Road_1,21.55642,39.12564,21.56783849585581,39.126322981698024,FRC3,84,84,132,132,1.0,0,1,False,Low
2026-10-05 23:00:43,2026-10-06 02:00:43,2026-10-06,2,Tuesday,0,King Abdulaziz Road,King_Abdulaziz_Road_2,21.59236,39.12375,21.680822573052378,39.11027800736724,FRC3,78,78,917,917,1.0,0,1,False,Low
2026-10-05 23:00:43,2026-10-06 02:00:43,2026-10-06,2,Tuesday,0,King Abdulaziz Road,King_Abdulaziz_Road_3,21.62064,39.11597,21.6390002039573,39.11163118181557,FRC3,83,83,661,661,1.0,0,1,False,Low
2026-10-05 23:10:33,2026-10-06 02:10:33,2026-10-06,2,Tuesday,0,Al Haramain Road,Al_Haramain_Road_1,21.72336,39.19394,21.735295564288815,39.189261016247144,FRC0,96,96,728,728,1.0,0,1,False,Low
2026-10-05 23:10:33,2026-10-06 02:10:33,2026-10-06,2,Tuesday,0,Al Haramain Road,Al_Haramain_Road_2,21.62897,39.21308,21.54375360318856,39.23716929257782,FRC0,92,92,756,756,1.0,0,1,False,Low
2026-10-05 23:10:33,2026-10-06 02:10:33,2026-10-06,2,Tuesday,0,Al Haramain Road,Al_Haramain_Road_3,21.58853,39.22808,21.552360876982483,39.2348009020171,FRC0,93,93,704,704,1.0,0,1,False,Low
2026-10-05 23:10:33,2026-10-06 02:10:33,2026-10-06,2,Tuesday,0,Al Madinah Road,Al_Madinah_Road_1,21.67808,39.12614,21.720509834459893,39.13040530381966,FRC0,102,102,648,648,1.0,0,1,False,Low
2026-10-05 23:10:33,2026-10-06 02:10:33,2026-10-06,2,Tuesday,0,Al Madinah Road,Al_Madinah_Road_2,21.64356,39.14481,21.634007286572068,39.15128227769196,FRC0,94,94,81,81,1.0,0,1,False,Low
2026-10-05 23:10:33,2026-10-06 02:10:33,2026-10-06,2,Tuesday,0,Al Madinah Road,Al_Madinah_Road_3,21.61511,39.15536,21.597612362403563,39.159913626303876,FRC1,79,79,336,336,1.0,0,1,False,Low
2026-10-05 23:10:33,2026-10-06 02:10:33,2026-10-06,2,Tuesday,0,Al Madinah Road,Al_Madinah_Road_4,21.55194,39.17472,21.52924688610848,39.180449959631204,FRC3,70,70,352,352,1.0,0,1,False,Low
2026-10-05 23:10:33,2026-10-06 02:10:33,2026-10-06,2,Tuesday,0,King Abdulaziz Road,King_Abdulaziz_Road_1,21.55642,39.12564,21.56783849585581,39.126322981698024,FRC3,84,84,132,132,1.0,0,1,False,Low
2026-10-05 23:10:33,2026-10-06 02:10:33,2026-10-06,2,Tuesday,0,King Abdulaziz Road,King_Abdulaziz_Road_2,21.59236,39.12375,21.680822573052378,39.11027800736724,FRC3,78,78,917,917,1.0,0,1,False,Low
2026-10-05 23:10:33,2026-10-06 02:10:33,2026-10-06,2,Tuesday,0,King Abdulaziz Road,King_Abdulaziz_Road_3,21.62064,39.11597,21.6390002039573,39.11163118181557,FRC3,73,82,752,669,0.8902,83,1,False,Low
2026-10-05 23:20:26,2026-10-06 02:20:26,2026-10-06,2,Tuesday,0,Al Haramain Road,Al_Haramain_Road_1,21.72336,39.19394,21.735295564288815,39.189261016247144,FRC0,96,96,728,728,1.0,0,1,False,Low
2026-10-05 23:20:26,2026-10-06 02:20:26,2026-10-06,2,Tuesday,0,Al Haramain Road,Al_Haramain_Road_2,21.62897,39.21308,21.54375360318856,39.23716929257782,FRC0,92,92,756,756,1.0,0,1,False,Low
2026-10-05 23:20:26,2026-10-06 02:20:26,2026-10-06,2,Tuesday,0,Al Haramain Road,Al_Haramain_Road_3,21.58853,39.22808,21.552360876982483,39.2348009020171,FRC0,93,93,704,704,1.0,0,1,False,Low
2026-10-05 23:20:26,2026-10-06 02:20:26,2026-10-06,2,Tuesday,0,Al Madinah Road,Al_Madinah_Road_1,21.67808,39.12614,21.720509834459893,39.13040530381966,FRC0,102,102,648,648,1.0,0,1,False,Low
2026-10-05 23:20:26,2026-10-06 02:20:26,2026-10-06,2,Tuesday,0,Al Madinah Road,Al_Madinah_Road_2,21.64356,39.14481,21.634007286572068,39.15128227769196,FRC0,94,94,81,81,1.0,0,1,False,Low
2026-10-05 23:20:26,2026-10-06 02:20:26,2026-10-06,2,Tuesday,0,Al Madinah Road,Al_Madinah_Road_3,21.61511,39.15536,21.597612362403563,39.159913626303876,FRC1,79,79,336,336,1.0,0,1,False,Low
2026-10-05 23:20:26,2026-10-06 02:20:26,2026-10-06,2,Tuesday,0,Al Madinah Road,Al_Madinah_Road_4,21.55194,39.17472,21.52924688610848,39.180449959631204,FRC3,70,70,352,352,1.0,0,1,False,Low
2026-10-05 23:20:26,2026-10-06 02:20:26,2026-10-06,2,Tuesday,0,King Abdulaziz Road,King_Abdulaziz_Road_1,21.55642,39.12564,21.56783849585581,39.126322981698024,FRC3,84,84,132,132,1.0,0,1,False,Low
2026-10-05 23:20:26,2026-10-06 02:20:26,2026-10-06,2,Tuesday,0,King Abdulaziz Road,King_Abdulaziz_Road_2,21.59236,39.12375,21.680822573052378,39.11027800736724,FRC3,78,78,917,917,1.0,0,1,False,Low
2026-10-05 23:20:26,2026-10-06 02:20:26,2026-10-06,2,Tuesday,0,King Abdulaziz Road,King_Abdulaziz_Road_3,21.62064,39.11597,21.6390002039573,39.11163118181557,FRC3,83,83,661,661,1.0,0,1,False,Low
2026-10-05 23:30:35,2026-10-06 02:30:35,2026-10-06,2,Tuesday,0,Al Haramain Road,Al_Haramain_Road_1,21.72336,39.19394,21.735295564288815,39.189261016247144,FRC0,96,96,728,728,1.0,0,1,False,Low
2026-10-05 23:30:35,2026-10-06 02:30:35,2026-10-06,2,Tuesday,0,Al Haramain Road,Al_Haramain_Road_2,21.62897,39.21308,21.54375360318856,39.23716929257782,FRC0,92,92,756,756,1.0,0,1,False,Low
2026-10-05 23:30:35,2026-10-06 02:30:35,2026-10-06,2,Tuesday,0,Al Haramain Road,Al_Haramain_Road_3,21.58853,39.22808,21.552360876982483,39.2348009020171,FRC0,93,93,704,704,1.0,0,1,False,Low
2026-10-05 23:30:35,2026-10-06 02:30:35,2026-10-06,2,Tuesday,0,Al Madinah Road,Al_Madinah_Road_1,21.67808,39.12614,21.720509834459893,39.13040530381966,FRC0,102,102,648,648,1.0,0,1,False,Low
2026-10-05 23:30:35,2026-10-06 02:30:35,2026-10-06,2,Tuesday,0,Al Madinah Road,Al_Madinah_Road_2,21.64356,39.14481,21.634007286572068,39.15128227769196,FRC0,94,94,81,81,1.0,0,1,False,Low
2026-10-05 23:30:35,2026-10-06 02:30:35,2026-10-06,2,Tuesday,0,Al Madinah Road,Al_Madinah_Road_3,21.61511,39.15536,21.597612362403563,39.159913626303876,FRC1,79,79,336,336,1.0,0,1,False,Low
2026-10-05 23:30:35,2026-10-06 02:30:35,2026-10-06,2,Tuesday,0,Al Madinah Road,Al_Madinah_Road_4,21.55194,39.17472,21.52924688610848,39.180449959631204,FRC3,70,70,352,352,1.0,0,1,False,Low
2026-10-05 23:30:35,2026-10-06 02:30:35,2026-10-06,2,Tuesday,0,King Abdulaziz Road,King_Abdulaziz_Road_1,21.55642,39.12564,21.56783849585581,39.126322981698024,FRC3,84,84,132,132,1.0,0,1,False,Low
2026-10-05 23:30:35,2026-10-06 02:30:35,2026-10-06,2,Tuesday,0,King Abdulaziz Road,King_Abdulaziz_Road_2,21.59236,39.12375,21.680822573052378,39.11027800736724,FRC3,78,78,917,917,1.0,0,1,False,Low
2026-10-05 23:30:35,2026-10-06 02:30:35,2026-10-06,2,Tuesday,0,King Abdulaziz Road,King_Abdulaziz_Road_3,21.62064,39.11597,21.6390002039573,39.11163118181557,FRC3,83,83,661,661,1.0,0,1,False,Low
2026-10-05 23:40:28,2026-10-06 02:40:28,2026-10-06,2,Tuesday,0,Al Haramain Road,Al_Haramain_Road_1,21.72336,39.19394,21.735295564288815,39.189261016247144,FRC0,96,96,728,728,1.0,0,1,False,Low
2026-10-05 23:40:28,2026-10-06 02:40:28,2026-10-06,2,Tuesday,0,Al Haramain Road,Al_Haramain_Road_2,21.62897,39.21308,21.54375360318856,39.23716929257782,FRC0,92,92,756,756,1.0,0,1,False,Low
2026-10-05 23:40:28,2026-10-06 02:40:28,2026-10-06,2,Tuesday,0,Al Haramain Road,Al_Haramain_Road_3,21.58853,39.22808,21.552360876982483,39.2348009020171,FRC0,93,93,704,704,1.0,0,1,False,Low
2026-10-05 23:40:28,2026-10-06 02:40:28,2026-10-06,2,Tuesday,0,Al Madinah Road,Al_Madinah_Road_1,21.67808,39.12614,21.720509834459893,39.13040530381966,FRC0,102,102,648,648,1.0,0,1,False,Low
2026-10-05 23:40:28,2026-10-06 02:40:28,2026-10-06,2,Tuesday,0,Al Madinah Road,Al_Madinah_Road_2,21.64356,39.14481,21.634007286572068,39.15128227769196,FRC0,94,94,81,81,1.0,0,1,False,Low
2026-10-05 23:40:28,2026-10-06 02:40:28,2026-10-06,2,Tuesday,0,Al Madinah Road,Al_Madinah_Road_3,21.61511,39.15536,21.597612362403563,39.159913626303876,FRC1,79,79,336,336,1.0,0,1,False,Low
2026-10-05 23:40:28,2026-10-06 02:40:28,2026-10-06,2,Tuesday,0,Al Madinah Road,Al_Madinah_Road_4,21.55194,39.17472,21.52924688610848,39.180449959631204,FRC3,70,70,352,352,1.0,0,1,False,Low
2026-10-05 23:40:28,2026-10-06 02:40:28,2026-10-06,2,Tuesday,0,King Abdulaziz Road,King_Abdulaziz_Road_1,21.55642,39.12564,21.56783849585581,39.126322981698024,FRC3,84,84,132,132,1.0,0,1,False,Low
2026-10-05 23:40:28,2026-10-06 02:40:28,2026-10-06,2,Tuesday,0,King Abdulaziz Road,King_Abdulaziz_Road_2,21.59236,39.12375,21.680822573052378,39.11027800736724,FRC3,78,78,917,917,1.0,0,1,False,Low
2026-10-05 23:40:28,2026-10-06 02:40:28,2026-10-06,2,Tuesday,0,King Abdulaziz Road,King_Abdulaziz_Road_3,21.62064,39.11597,21.6390002039573,39.11163118181557,FRC3,83,83,661,661,1.0,0,1,False,Low
2026-10-05 23:50:28,2026-10-06 02:50:28,2026-10-06,2,Tuesday,0,Al Haramain Road,Al_Haramain_Road_1,21.72336,39.19394,21.735295564288815,39.189261016247144,FRC0,96,96,728,728,1.0,0,1,False,Low
2026-10-05 23:50:28,2026-10-06 02:50:28,2026-10-06,2,Tuesday,0,Al Haramain Road,Al_Haramain_Road_2,21.62897,39.21308,21.54375360318856,39.23716929257782,FRC0,92,92,756,756,1.0,0,1,False,Low
2026-10-05 23:50:28,2026-10-06 02:50:28,2026-10-06,2,Tuesday,0,Al Haramain Road,Al_Haramain_Road_3,21.58853,39.22808,21.552360876982483,39.2348009020171,FRC0,93,93,704,704,1.0,0,1,False,Low
2026-10-05 23:50:28,2026-10-06 02:50:28,2026-10-06,2,Tuesday,0,Al Madinah Road,Al_Madinah_Road_1,21.67808,39.12614,21.720509834459893,39.13040530381966,FRC0,102,102,648,648,1.0,0,1,False,Low
2026-10-05 23:50:28,2026-10-06 02:50:28,2026-10-06,2,Tuesday,0,Al Madinah Road,Al_Madinah_Road_2,21.64356,39.14481,21.634007286572068,39.15128227769196,FRC0,94,94,81,81,1.0,0,1,False,Low
2026-10-05 23:50:28,2026-10-06 02:50:28,2026-10-06,2,Tuesday,0,Al Madinah Road,Al_Madinah_Road_3,21.61511,39.15536,21.597612362403563,39.159913626303876,FRC1,79,79,336,336,1.0,0,1,False,Low
2026-10-05 23:50:28,2026-10-06 02:50:28,2026-10-06,2,Tuesday,0,Al Madinah Road,Al_Madinah_Road_4,21.55194,39.17472,21.52924688610848,39.180449959631204,FRC3,70,70,352,352,1.0,0,1,False,Low
2026-10-05 23:50:28,2026-10-06 02:50:28,2026-10-06,2,Tuesday,0,King Abdulaziz Road,King_Abdulaziz_Road_1,21.55642,39.12564,21.56783849585581,39.126322981698024,FRC3,84,84,132,132,1.0,0,1,False,Low
2026-10-05 23:50:28,2026-10-06 02:50:28,2026-10-06,2,Tuesday,0,King Abdulaziz Road,King_Abdulaziz_Road_2,21.59236,39.12375,21.680822573052378,39.11027800736724,FRC3,78,78,917,917,1.0,0,1,False,Low
2026-10-05 23:50:28,2026-10-06 02:50:28,2026-10-06,2,Tuesday,0,King Abdulaziz Road,King_Abdulaziz_Road_3,21.62064,39.11597,21.6390002039573,39.11163118181557,FRC3,83,83,661,661,1.0,0,1,False,Low
2026-10-06 00:00:48,2026-10-06 03:00:48,2026-10-06,3,Tuesday,0,Al Haramain Road,Al_Haramain_Road_1,21.72336,39.19394,21.735295564288815,39.189261016247144,FRC0,96,96,728,728,1.0,0,1,False,Low
2026-10-06 00:00:48,2026-10-06 03:00:48,2026-10-06,3,Tuesday,0,Al Haramain Road,Al_Haramain_Road_2,21.62897,39.21308,21.54375360318856,39.23716929257782,FRC0,92,92,756,756,1.0,0,1,False,Low
2026-10-06 00:00:48,2026-10-06 03:00:48,2026-10-06,3,Tuesday,0,Al Haramain Road,Al_Haramain_Road_3,21.58853,39.22808,21.552360876982483,39.2348009020171,FRC0,93,93,704,704,1.0,0,1,False,Low
2026-10-06 00:00:48,2026-10-06 03:00:48,2026-10-06,3,Tuesday,0,Al Madinah Road,Al_Madinah_Road_1,21.67808,39.12614,21.720509834459893,39.13040530381966,FRC0,102,102,648,648,1.0,0,1,False,Low
2026-10-06 00:00:48,2026-10-06 03:00:48,2026-10-06,3,Tuesday,0,Al Madinah Road,Al_Madinah_Road_2,21.64356,39.14481,21.634007286572068,39.15128227769196,FRC0,94,94,81,81,1.0,0,1,False,Low
2026-10-06 00:00:48,2026-10-06 03:00:48,2026-10-06,3,Tuesday,0,Al Madinah Road,Al_Madinah_Road_3,21.61511,39.15536,21.597612362403563,39.159913626303876,FRC1,79,79,336,336,1.0,0,1,False,Low
2026-10-06 00:00:48,2026-10-06 03:00:48,2026-10-06,3,Tuesday,0,Al Madinah Road,Al_Madinah_Road_4,21.55194,39.17472,21.52924688610848,39.180449959631204,FRC3,70,70,352,352,1.0,0,1,False,Low
2026-10-06 00:00:48,2026-10-06 03:00:48,2026-10-06,3,Tuesday,0,King Abdulaziz Road,King_Abdulaziz_Road_1,21.55642,39.12564,21.56783849585581,39.126322981698024,FRC3,84,84,132,132,1.0,0,1,False,Low
2026-10-06 00:00:48,2026-10-06 03:00:48,2026-10-06,3,Tuesday,0,King Abdulaziz Road,King_Abdulaziz_Road_2,21.59236,39.12375,21.680822573052378,39.11027800736724,FRC3,78,78,917,917,1.0,0,1,False,Low
2026-10-06 00:00:48,2026-10-06 03:00:48,2026-10-06,3,Tuesday,0,King Abdulaziz Road,King_Abdulaziz_Road_3,21.62064,39.11597,21.6390002039573,39.11163118181557,FRC3,83,83,661,661,1.0,0,1,False,Low
2026-10-06 00:10:29,2026-10-06 03:10:29,2026-10-06,3,Tuesday,0,Al Haramain Road,Al_Haramain_Road_1,21.72336,39.19394,21.735295564288815,39.189261016247144,FRC0,96,96,728,728,1.0,0,1,False,Low
2026-10-06 00:10:29,2026-10-06 03:10:29,2026-10-06,3,Tuesday,0,Al Haramain Road,Al_Haramain_Road_2,21.62897,39.21308,21.54375360318856,39.23716929257782,FRC0,92,92,756,756,1.0,0,1,False,Low
2026-10-06 00:10:29,2026-10-06 03:10:29,2026-10-06,3,Tuesday,0,Al Haramain Road,Al_Haramain_Road_3,21.58853,39.22808,21.552360876982483,39.2348009020171,FRC0,93,93,704,704,1.0,0,1,False,Low
2026-10-06 00:10:29,2026-10-06 03:10:29,2026-10-06,3,Tuesday,0,Al Madinah Road,Al_Madinah_Road_1,21.67808,39.12614,21.720509834459893,39.13040530381966,FRC0,102,102,648,648,1.0,0,1,False,Low
2026-10-06 00:10:29,2026-10-06 03:10:29,2026-10-06,3,Tuesday,0,Al Madinah Road,Al_Madinah_Road_2,21.64356,39.14481,21.634007286572068,39.15128227769196,FRC0,94,94,81,81,1.0,0,1,False,Low
2026-10-06 00:10:29,2026-10-06 03:10:29,2026-10-06,3,Tuesday,0,Al Madinah Road,Al_Madinah_Road_3,21.61511,39.15536,21.597612362403563,39.159913626303876,FRC1,79,79,336,336,1.0,0,1,False,Low
2026-10-06 00:10:29,2026-10-06 03:10:29,2026-10-06,3,Tuesday,0,Al Madinah Road,Al_Madinah_Road_4,21.55194,39.17472,21.52924688610848,39.180449959631204,FRC3,70,70,352,352,1.0,0,1,False,Low
2026-10-06 00:10:29,2026-10-06 03:10:29,2026-10-06,3,Tuesday,0,King Abdulaziz Road,King_Abdulaziz_Road_1,21.55642,39.12564,21.56783849585581,39.126322981698024,FRC3,84,84,132,132,1.0,0,1,False,Low
2026-10-06 00:10:29,2026-10-06 03:10:29,2026-10-06,3,Tuesday,0,King Abdulaziz Road,King_Abdulaziz_Road_2,21.59236,39.12375,21.680822573052378,39.11027800736724,FRC3,78,78,917,917,1.0,0,1,False,Low
2026-10-06 00:10:29,2026-10-06 03:10:29,2026-10-06,3,Tuesday,0,King Abdulaziz Road,King_Abdulaziz_Road_3,21.62064,39.11597,21.6390002039573,39.11163118181557,FRC3,83,83,661,661,1.0,0,1,False,Low
2026-10-06 00:20:31,2026-10-06 03:20:31,2026-10-06,3,Tuesday,0,Al Haramain Road,Al_Haramain_Road_1,21.72336,39.19394,21.735295564288815,39.189261016247144,FRC0,96,96,728,728,1.0,0,1,False,Low
2026-10-06 00:20:31,2026-10-06 03:20:31,2026-10-06,3,Tuesday,0,Al Haramain Road,Al_Haramain_Road_2,21.62897,39.21308,21.54375360318856,39.23716929257782,FRC0,92,92,756,756,1.0,0,1,False,Low
2026-10-06 00:20:31,2026-10-06 03:20:31,2026-10-06,3,Tuesday,0,Al Haramain Road,Al_Haramain_Road_3,21.58853,39.22808,21.552360876982483,39.2348009020171,FRC0,93,93,704,704,1.0,0,1,False,Low
2026-10-06 00:20:31,2026-10-06 03:20:31,2026-10-06,3,Tuesday,0,Al Madinah Road,Al_Madinah_Road_1,21.67808,39.12614,21.720509834459893,39.13040530381966,FRC0,102,102,648,648,1.0,0,1,False,Low
2026-10-06 00:20:31,2026-10-06 03:20:31,2026-10-06,3,Tuesday,0,Al Madinah Road,Al_Madinah_Road_2,21.64356,39.14481,21.634007286572068,39.15128227769196,FRC0,94,94,81,81,1.0,0,1,False,Low
2026-10-06 00:20:31,2026-10-06 03:20:31,2026-10-06,3,Tuesday,0,Al Madinah Road,Al_Madinah_Road_3,21.61511,39.15536,21.597612362403563,39.159913626303876,FRC1,79,79,336,336,1.0,0,1,False,Low
2026-10-06 00:20:31,2026-10-06 03:20:31,2026-10-06,3,Tuesday,0,Al Madinah Road,Al_Madinah_Road_4,21.55194,39.17472,21.52924688610848,39.180449959631204,FRC3,70,70,352,352,1.0,0,1,False,Low
2026-10-06 00:20:31,2026-10-06 03:20:31,2026-10-06,3,Tuesday,0,King Abdulaziz Road,King_Abdulaziz_Road_1,21.55642,39.12564,21.56783849585581,39.126322981698024,FRC3,84,84,132,132,1.0,0,1,False,Low
2026-10-06 00:20:31,2026-10-06 03:20:31,2026-10-06,3,Tuesday,0,King Abdulaziz Road,King_Abdulaziz_Road_2,21.59236,39.12375,21.680822573052378,39.11027800736724,FRC3,78,78,917,917,1.0,0,1,False,Low
2026-10-06 00:20:31,2026-10-06 03:20:31,2026-10-06,3,Tuesday,0,King Abdulaziz Road,King_Abdulaziz_Road_3,21.62064,39.11597,21.6390002039573,39.11163118181557,FRC3,78,82,704,669,0.9512,35,0.996586,False,Low
2026-10-06 00:30:37,2026-10-06 03:30:37,2026-10-06,3,Tuesday,0,Al Haramain Road,Al_Haramain_Road_1,21.72336,39.19394,21.735295564288815,39.189261016247144,FRC0,96,96,728,728,1.0,0,1,False,Low
2026-10-06 00:30:37,2026-10-06 03:30:37,2026-10-06,3,Tuesday,0,Al Haramain Road,Al_Haramain_Road_2,21.62897,39.21308,21.54375360318856,39.23716929257782,FRC0,92,92,756,756,1.0,0,1,False,Low
2026-10-06 00:30:37,2026-10-06 03:30:37,2026-10-06,3,Tuesday,0,Al Haramain Road,Al_Haramain_Road_3,21.58853,39.22808,21.552360876982483,39.2348009020171,FRC0,93,93,704,704,1.0,0,1,False,Low
2026-10-06 00:30:37,2026-10-06 03:30:37,2026-10-06,3,Tuesday,0,Al Madinah Road,Al_Madinah_Road_1,21.67808,39.12614,21.720509834459893,39.13040530381966,FRC0,102,102,648,648,1.0,0,1,False,Low
2026-10-06 00:30:37,2026-10-06 03:30:37,2026-10-06,3,Tuesday,0,Al Madinah Road,Al_Madinah_Road_2,21.64356,39.14481,21.634007286572068,39.15128227769196,FRC0,94,94,81,81,1.0,0,1,False,Low
2026-10-06 00:30:37,2026-10-06 03:30:37,2026-10-06,3,Tuesday,0,Al Madinah Road,Al_Madinah_Road_3,21.61511,39.15536,21.597612362403563,39.159913626303876,FRC1,79,79,336,336,1.0,0,1,False,Low
2026-10-06 00:30:37,2026-10-06 03:30:37,2026-10-06,3,Tuesday,0,Al Madinah Road,Al_Madinah_Road_4,21.55194,39.17472,21.52924688610848,39.180449959631204,FRC3,70,70,352,352,1.0,0,1,False,Low
2026-10-06 00:30:37,2026-10-06 03:30:37,2026-10-06,3,Tuesday,0,King Abdulaziz Road,King_Abdulaziz_Road_1,21.55642,39.12564,21.56783849585581,39.126322981698024,FRC3,84,84,132,132,1.0,0,1,False,Low
2026-10-06 00:30:37,2026-10-06 03:30:37,2026-10-06,3,Tuesday,0,King Abdulaziz Road,King_Abdulaziz_Road_2,21.59236,39.12375,21.680822573052378,39.11027800736724,FRC3,78,78,917,917,1.0,0,1,False,Low
2026-10-06 00:30:37,2026-10-06 03:30:37,2026-10-06,3,Tuesday,0,King Abdulaziz Road,King_Abdulaziz_Road_3,21.62064,39.11597,21.6390002039573,39.11163118181557,FRC3,79,83,695,661,0.9518,34,0.987387,False,Low
2026-10-06 00:40:29,2026-10-06 03:40:29,2026-10-06,3,Tuesday,0,Al Haramain Road,Al_Haramain_Road_1,21.72336,39.19394,21.735295564288815,39.189261016247144,FRC0,96,96,728,728,1.0,0,1,False,Low
2026-10-06 00:40:29,2026-10-06 03:40:29,2026-10-06,3,Tuesday,0,Al Haramain Road,Al_Haramain_Road_2,21.62897,39.21308,21.54375360318856,39.23716929257782,FRC0,92,92,756,756,1.0,0,1,False,Low
2026-10-06 00:40:29,2026-10-06 03:40:29,2026-10-06,3,Tuesday,0,Al Haramain Road,Al_Haramain_Road_3,21.58853,39.22808,21.552360876982483,39.2348009020171,FRC0,93,93,704,704,1.0,0,1,False,Low
2026-10-06 00:40:29,2026-10-06 03:40:29,2026-10-06,3,Tuesday,0,Al Madinah Road,Al_Madinah_Road_1,21.67808,39.12614,21.720509834459893,39.13040530381966,FRC0,102,102,648,648,1.0,0,1,False,Low
2026-10-06 00:40:29,2026-10-06 03:40:29,2026-10-06,3,Tuesday,0,Al Madinah Road,Al_Madinah_Road_2,21.64356,39.14481,21.634007286572068,39.15128227769196,FRC0,94,94,81,81,1.0,0,1,False,Low
2026-10-06 00:40:29,2026-10-06 03:40:29,2026-10-06,3,Tuesday,0,Al Madinah Road,Al_Madinah_Road_3,21.61511,39.15536,21.597612362403563,39.159913626303876,FRC1,79,79,336,336,1.0,0,1,False,Low
2026-10-06 00:40:29,2026-10-06 03:40:29,2026-10-06,3,Tuesday,0,Al Madinah Road,Al_Madinah_Road_4,21.55194,39.17472,21.52924688610848,39.180449959631204,FRC3,70,70,352,352,1.0,0,1,False,Low
2026-10-06 00:40:29,2026-10-06 03:40:29,2026-10-06,3,Tuesday,0,King Abdulaziz Road,King_Abdulaziz_Road_1,21.55642,39.12564,21.56783849585581,39.126322981698024,FRC3,84,84,132,132,1.0,0,1,False,Low
2026-10-06 00:40:29,2026-10-06 03:40:29,2026-10-06,3,Tuesday,0,King Abdulaziz Road,King_Abdulaziz_Road_2,21.59236,39.12375,21.680822573052378,39.11027800736724,FRC3,78,78,917,917,1.0,0,1,False,Low
2026-10-06 00:40:29,2026-10-06 03:40:29,2026-10-06,3,Tuesday,0,King Abdulaziz Road,King_Abdulaziz_Road_3,21.62064,39.11597,21.6390002039573,39.11163118181557,FRC3,77,82,713,669,0.939,44,0.98837,False,Low
2026-10-06 00:50:31,2026-10-06 03:50:31,2026-10-06,3,Tuesday,0,Al Haramain Road,Al_Haramain_Road_1,21.72336,39.19394,21.735295564288815,39.189261016247144,FRC0,96,96,728,728,1.0,0,1,False,Low
2026-10-06 00:50:31,2026-10-06 03:50:31,2026-10-06,3,Tuesday,0,Al Haramain Road,Al_Haramain_Road_2,21.62897,39.21308,21.54375360318856,39.23716929257782,FRC0,92,92,756,756,1.0,0,1,False,Low
2026-10-06 00:50:31,2026-10-06 03:50:31,2026-10-06,3,Tuesday,0,Al Haramain Road,Al_Haramain_Road_3,21.58853,39.22808,21.552360876982483,39.2348009020171,FRC0,93,93,704,704,1.0,0,1,False,Low
2026-10-06 00:50:31,2026-10-06 03:50:31,2026-10-06,3,Tuesday,0,Al Madinah Road,Al_Madinah_Road_1,21.67808,39.12614,21.720509834459893,39.13040530381966,FRC0,102,102,648,648,1.0,0,1,False,Low
2026-10-06 00:50:31,2026-10-06 03:50:31,2026-10-06,3,Tuesday,0,Al Madinah Road,Al_Madinah_Road_2,21.64356,39.14481,21.634007286572068,39.15128227769196,FRC0,94,94,81,81,1.0,0,1,False,Low
2026-10-06 00:50:31,2026-10-06 03:50:31,2026-10-06,3,Tuesday,0,Al Madinah Road,Al_Madinah_Road_3,21.61511,39.15536,21.597612362403563,39.159913626303876,FRC1,79,79,336,336,1.0,0,1,False,Low
2026-10-06 00:50:31,2026-10-06 03:50:31,2026-10-06,3,Tuesday,0,Al Madinah Road,Al_Madinah_Road_4,21.55194,39.17472,21.52924688610848,39.180449959631204,FRC3,70,70,352,352,1.0,0,1,False,Low
2026-10-06 00:50:31,2026-10-06 03:50:31,2026-10-06,3,Tuesday,0,King Abdulaziz Road,King_Abdulaziz_Road_1,21.55642,39.12564,21.56783849585581,39.126322981698024,FRC3,84,84,132,132,1.0,0,1,False,Low
2026-10-06 00:50:31,2026-10-06 03:50:31,2026-10-06,3,Tuesday,0,King Abdulaziz Road,King_Abdulaziz_Road_2,21.59236,39.12375,21.680822573052378,39.11027800736724,FRC3,78,78,917,917,1.0,0,1,False,Low
2026-10-06 00:50:31,2026-10-06 03:50:31,2026-10-06,3,Tuesday,0,King Abdulaziz Road,King_Abdulaziz_Road_3,21.62064,39.11597,21.6390002039573,39.11163118181557,FRC3,78,82,704,669,0.9512,35,0.98901,False,Low
2026-10-06 01:00:46,2026-10-06 04:00:46,2026-10-06,4,Tuesday,0,Al Haramain Road,Al_Haramain_Road_1,21.72336,39.19394,21.735295564288815,39.189261016247144,FRC0,96,96,728,728,1.0,0,1,False,Low
2026-10-06 01:00:46,2026-10-06 04:00:46,2026-10-06,4,Tuesday,0,Al Haramain Road,Al_Haramain_Road_2,21.62897,39.21308,21.54375360318856,39.23716929257782,FRC0,92,92,756,756,1.0,0,1,False,Low
2026-10-06 01:00:46,2026-10-06 04:00:46,2026-10-06,4,Tuesday,0,Al Haramain Road,Al_Haramain_Road_3,21.58853,39.22808,21.552360876982483,39.2348009020171,FRC0,93,93,704,704,1.0,0,1,False,Low
2026-10-06 01:00:46,2026-10-06 04:00:46,2026-10-06,4,Tuesday,0,Al Madinah Road,Al_Madinah_Road_1,21.67808,39.12614,21.720509834459893,39.13040530381966,FRC0,102,102,648,648,1.0,0,1,False,Low
2026-10-06 01:00:46,2026-10-06 04:00:46,2026-10-06,4,Tuesday,0,Al Madinah Road,Al_Madinah_Road_2,21.64356,39.14481,21.634007286572068,39.15128227769196,FRC0,94,94,81,81,1.0,0,1,False,Low
2026-10-06 01:00:46,2026-10-06 04:00:46,2026-10-06,4,Tuesday,0,Al Madinah Road,Al_Madinah_Road_3,21.61511,39.15536,21.597612362403563,39.159913626303876,FRC1,79,79,336,336,1.0,0,1,False,Low
2026-10-06 01:00:46,2026-10-06 04:00:46,2026-10-06,4,Tuesday,0,Al Madinah Road,Al_Madinah_Road_4,21.55194,39.17472,21.52924688610848,39.180449959631204,FRC3,70,70,352,352,1.0,0,1,False,Low
2026-10-06 01:00:46,2026-10-06 04:00:46,2026-10-06,4,Tuesday,0,King Abdulaziz Road,King_Abdulaziz_Road_1,21.55642,39.12564,21.56783849585581,39.126322981698024,FRC3,84,84,132,132,1.0,0,1,False,Low
2026-10-06 01:00:46,2026-10-06 04:00:46,2026-10-06,4,Tuesday,0,King Abdulaziz Road,King_Abdulaziz_Road_2,21.59236,39.12375,21.680822573052378,39.11027800736724,FRC3,78,78,917,917,1.0,0,1,False,Low
2026-10-06 01:00:46,2026-10-06 04:00:46,2026-10-06,4,Tuesday,0,King Abdulaziz Road,King_Abdulaziz_Road_3,21.62064,39.11597,21.6390002039573,39.11163118181557,FRC3,83,83,661,661,1.0,0,1,False,Low
2026-10-06 01:10:27,2026-10-06 04:10:27,2026-10-06,4,Tuesday,0,Al Haramain Road,Al_Haramain_Road_1,21.72336,39.19394,21.735295564288815,39.189261016247144,FRC0,96,96,728,728,1.0,0,1,False,Low
2026-10-06 01:10:27,2026-10-06 04:10:27,2026-10-06,4,Tuesday,0,Al Haramain Road,Al_Haramain_Road_2,21.62897,39.21308,21.54375360318856,39.23716929257782,FRC0,92,92,756,756,1.0,0,1,False,Low
2026-10-06 01:10:27,2026-10-06 04:10:27,2026-10-06,4,Tuesday,0,Al Haramain Road,Al_Haramain_Road_3,21.58853,39.22808,21.552360876982483,39.2348009020171,FRC0,93,93,704,704,1.0,0,1,False,Low
2026-10-06 01:10:27,2026-10-06 04:10:27,2026-10-06,4,Tuesday,0,Al Madinah Road,Al_Madinah_Road_1,21.67808,39.12614,21.720509834459893,39.13040530381966,FRC0,102,102,648,648,1.0,0,1,False,Low
2026-10-06 01:10:27,2026-10-06 04:10:27,2026-10-06,4,Tuesday,0,Al Madinah Road,Al_Madinah_Road_2,21.64356,39.14481,21.634007286572068,39.15128227769196,FRC0,94,94,81,81,1.0,0,1,False,Low
2026-10-06 01:10:27,2026-10-06 04:10:27,2026-10-06,4,Tuesday,0,Al Madinah Road,Al_Madinah_Road_3,21.61511,39.15536,21.597612362403563,39.159913626303876,FRC1,79,79,336,336,1.0,0,1,False,Low
2026-10-06 01:10:27,2026-10-06 04:10:27,2026-10-06,4,Tuesday,0,Al Madinah Road,Al_Madinah_Road_4,21.55194,39.17472,21.52924688610848,39.180449959631204,FRC3,70,70,352,352,1.0,0,1,False,Low
2026-10-06 01:10:27,2026-10-06 04:10:27,2026-10-06,4,Tuesday,0,King Abdulaziz Road,King_Abdulaziz_Road_1,21.55642,39.12564,21.56783849585581,39.126322981698024,FRC3,84,84,132,132,1.0,0,1,False,Low
2026-10-06 01:10:27,2026-10-06 04:10:27,2026-10-06,4,Tuesday,0,King Abdulaziz Road,King_Abdulaziz_Road_2,21.59236,39.12375,21.680822573052378,39.11027800736724,FRC3,78,78,917,917,1.0,0,1,False,Low
2026-10-06 01:10:27,2026-10-06 04:10:27,2026-10-06,4,Tuesday,0,King Abdulaziz Road,King_Abdulaziz_Road_3,21.62064,39.11597,21.6390002039573,39.11163118181557,FRC3,83,83,661,661,1.0,0,1,False,Low
2026-10-06 01:20:30,2026-10-06 04:20:30,2026-10-06,4,Tuesday,0,Al Haramain Road,Al_Haramain_Road_1,21.72336,39.19394,21.735295564288815,39.189261016247144,FRC0,96,96,728,728,1.0,0,1,False,Low
2026-10-06 01:20:30,2026-10-06 04:20:30,2026-10-06,4,Tuesday,0,Al Haramain Road,Al_Haramain_Road_2,21.62897,39.21308,21.54375360318856,39.23716929257782,FRC0,92,92,756,756,1.0,0,1,False,Low
2026-10-06 01:20:30,2026-10-06 04:20:30,2026-10-06,4,Tuesday,0,Al Haramain Road,Al_Haramain_Road_3,21.58853,39.22808,21.552360876982483,39.2348009020171,FRC0,93,93,704,704,1.0,0,1,False,Low
2026-10-06 01:20:30,2026-10-06 04:20:30,2026-10-06,4,Tuesday,0,Al Madinah Road,Al_Madinah_Road_1,21.67808,39.12614,21.720509834459893,39.13040530381966,FRC0,102,102,648,648,1.0,0,1,False,Low
2026-10-06 01:20:30,2026-10-06 04:20:30,2026-10-06,4,Tuesday,0,Al Madinah Road,Al_Madinah_Road_2,21.64356,39.14481,21.634007286572068,39.15128227769196,FRC0,94,94,81,81,1.0,0,1,False,Low
2026-10-06 01:20:30,2026-10-06 04:20:30,2026-10-06,4,Tuesday,0,Al Madinah Road,Al_Madinah_Road_3,21.61511,39.15536,21.597612362403563,39.159913626303876,FRC1,79,79,336,336,1.0,0,1,False,Low
2026-10-06 01:20:30,2026-10-06 04:20:30,2026-10-06,4,Tuesday,0,Al Madinah Road,Al_Madinah_Road_4,21.55194,39.17472,21.52924688610848,39.180449959631204,FRC3,70,70,352,352,1.0,0,1,False,Low
2026-10-06 01:20:30,2026-10-06 04:20:30,2026-10-06,4,Tuesday,0,King Abdulaziz Road,King_Abdulaziz_Road_1,21.55642,39.12564,21.56783849585581,39.126322981698024,FRC3,84,84,132,132,1.0,0,1,False,Low
2026-10-06 01:20:30,2026-10-06 04:20:30,2026-10-06,4,Tuesday,0,King Abdulaziz Road,King_Abdulaziz_Road_2,21.59236,39.12375,21.680822573052378,39.11027800736724,FRC3,78,78,917,917,1.0,0,1,False,Low
2026-10-06 01:20:30,2026-10-06 04:20:30,2026-10-06,4,Tuesday,0,King Abdulaziz Road,King_Abdulaziz_Road_3,21.62064,39.11597,21.6390002039573,39.11163118181557,FRC3,83,83,661,661,1.0,0,1,False,Low
2026-10-06 01:30:32,2026-10-06 04:30:32,2026-10-06,4,Tuesday,0,Al Haramain Road,Al_Haramain_Road_1,21.72336,39.19394,21.735295564288815,39.189261016247144,FRC0,96,96,728,728,1.0,0,1,False,Low
2026-10-06 01:30:32,2026-10-06 04:30:32,2026-10-06,4,Tuesday,0,Al Haramain Road,Al_Haramain_Road_2,21.62897,39.21308,21.54375360318856,39.23716929257782,FRC0,92,92,756,756,1.0,0,1,False,Low
2026-10-06 01:30:32,2026-10-06 04:30:32,2026-10-06,4,Tuesday,0,Al Haramain Road,Al_Haramain_Road_3,21.58853,39.22808,21.552360876982483,39.2348009020171,FRC0,93,93,704,704,1.0,0,1,False,Low
2026-10-06 01:30:32,2026-10-06 04:30:32,2026-10-06,4,Tuesday,0,Al Madinah Road,Al_Madinah_Road_1,21.67808,39.12614,21.720509834459893,39.13040530381966,FRC0,102,102,648,648,1.0,0,1,False,Low
2026-10-06 01:30:32,2026-10-06 04:30:32,2026-10-06,4,Tuesday,0,Al Madinah Road,Al_Madinah_Road_2,21.64356,39.14481,21.634007286572068,39.15128227769196,FRC0,94,94,81,81,1.0,0,1,False,Low
2026-10-06 01:30:32,2026-10-06 04:30:32,2026-10-06,4,Tuesday,0,Al Madinah Road,Al_Madinah_Road_3,21.61511,39.15536,21.597612362403563,39.159913626303876,FRC1,79,79,336,336,1.0,0,1,False,Low
2026-10-06 01:30:32,2026-10-06 04:30:32,2026-10-06,4,Tuesday,0,Al Madinah Road,Al_Madinah_Road_4,21.55194,39.17472,21.52924688610848,39.180449959631204,FRC3,70,70,352,352,1.0,0,1,False,Low
2026-10-06 01:30:32,2026-10-06 04:30:32,2026-10-06,4,Tuesday,0,King Abdulaziz Road,King_Abdulaziz_Road_1,21.55642,39.12564,21.56783849585581,39.126322981698024,FRC3,84,84,132,132,1.0,0,1,False,Low
2026-10-06 01:30:32,2026-10-06 04:30:32,2026-10-06,4,Tuesday,0,King Abdulaziz Road,King_Abdulaziz_Road_2,21.59236,39.12375,21.680822573052378,39.11027800736724,FRC3,78,78,917,917,1.0,0,1,False,Low
2026-10-06 01:30:32,2026-10-06 04:30:32,2026-10-06,4,Tuesday,0,King Abdulaziz Road,King_Abdulaziz_Road_3,21.62064,39.11597,21.6390002039573,39.11163118181557,FRC3,83,83,661,661,1.0,0,1,False,Low
2026-10-06 01:40:25,2026-10-06 04:40:25,2026-10-06,4,Tuesday,0,Al Haramain Road,Al_Haramain_Road_1,21.72336,39.19394,21.735295564288815,39.189261016247144,FRC0,96,96,728,728,1.0,0,1,False,Low
2026-10-06 01:40:25,2026-10-06 04:40:25,2026-10-06,4,Tuesday,0,Al Haramain Road,Al_Haramain_Road_2,21.62897,39.21308,21.54375360318856,39.23716929257782,FRC0,92,92,756,756,1.0,0,1,False,Low
2026-10-06 01:40:25,2026-10-06 04:40:25,2026-10-06,4,Tuesday,0,Al Haramain Road,Al_Haramain_Road_3,21.58853,39.22808,21.552360876982483,39.2348009020171,FRC0,93,93,704,704,1.0,0,1,False,Low
2026-10-06 01:40:25,2026-10-06 04:40:25,2026-10-06,4,Tuesday,0,Al Madinah Road,Al_Madinah_Road_1,21.67808,39.12614,21.720509834459893,39.13040530381966,FRC0,102,102,648,648,1.0,0,1,False,Low
2026-10-06 01:40:25,2026-10-06 04:40:25,2026-10-06,4,Tuesday,0,Al Madinah Road,Al_Madinah_Road_2,21.64356,39.14481,21.634007286572068,39.15128227769196,FRC0,94,94,81,81,1.0,0,1,False,Low
2026-10-06 01:40:25,2026-10-06 04:40:25,2026-10-06,4,Tuesday,0,Al Madinah Road,Al_Madinah_Road_3,21.61511,39.15536,21.597612362403563,39.159913626303876,FRC1,79,79,336,336,1.0,0,1,False,Low
2026-10-06 01:40:25,2026-10-06 04:40:25,2026-10-06,4,Tuesday,0,Al Madinah Road,Al_Madinah_Road_4,21.55194,39.17472,21.52924688610848,39.180449959631204,FRC3,70,70,352,352,1.0,0,1,False,Low
2026-10-06 01:40:25,2026-10-06 04:40:25,2026-10-06,4,Tuesday,0,King Abdulaziz Road,King_Abdulaziz_Road_1,21.55642,39.12564,21.56783849585581,39.126322981698024,FRC3,84,84,132,132,1.0,0,1,False,Low
2026-10-06 01:40:25,2026-10-06 04:40:25,2026-10-06,4,Tuesday,0,King Abdulaziz Road,King_Abdulaziz_Road_2,21.59236,39.12375,21.680822573052378,39.11027800736724,FRC3,78,78,917,917,1.0,0,1,False,Low
2026-10-06 01:40:25,2026-10-06 04:40:25,2026-10-06,4,Tuesday,0,King Abdulaziz Road,King_Abdulaziz_Road_3,21.62064,39.11597,21.6390002039573,39.11163118181557,FRC3,83,83,661,661,1.0,0,1,False,Low
2026-10-06 01:50:27,2026-10-06 04:50:27,2026-10-06,4,Tuesday,0,Al Haramain Road,Al_Haramain_Road_1,21.72336,39.19394,21.735295564288815,39.189261016247144,FRC0,96,96,728,728,1.0,0,1,False,Low
2026-10-06 01:50:27,2026-10-06 04:50:27,2026-10-06,4,Tuesday,0,Al Haramain Road,Al_Haramain_Road_2,21.62897,39.21308,21.54375360318856,39.23716929257782,FRC0,92,92,756,756,1.0,0,1,False,Low
2026-10-06 01:50:27,2026-10-06 04:50:27,2026-10-06,4,Tuesday,0,Al Haramain Road,Al_Haramain_Road_3,21.58853,39.22808,21.552360876982483,39.2348009020171,FRC0,93,93,704,704,1.0,0,1,False,Low
2026-10-06 01:50:27,2026-10-06 04:50:27,2026-10-06,4,Tuesday,0,Al Madinah Road,Al_Madinah_Road_1,21.67808,39.12614,21.720509834459893,39.13040530381966,FRC0,102,102,648,648,1.0,0,1,False,Low
2026-10-06 01:50:27,2026-10-06 04:50:27,2026-10-06,4,Tuesday,0,Al Madinah Road,Al_Madinah_Road_2,21.64356,39.14481,21.634007286572068,39.15128227769196,FRC0,94,94,81,81,1.0,0,1,False,Low
2026-10-06 01:50:27,2026-10-06 04:50:27,2026-10-06,4,Tuesday,0,Al Madinah Road,Al_Madinah_Road_3,21.61511,39.15536,21.597612362403563,39.159913626303876,FRC1,79,79,336,336,1.0,0,1,False,Low
2026-10-06 01:50:27,2026-10-06 04:50:27,2026-10-06,4,Tuesday,0,Al Madinah Road,Al_Madinah_Road_4,21.55194,39.17472,21.52924688610848,39.180449959631204,FRC3,70,70,352,352,1.0,0,1,False,Low
2026-10-06 01:50:27,2026-10-06 04:50:27,2026-10-06,4,Tuesday,0,King Abdulaziz Road,King_Abdulaziz_Road_1,21.55642,39.12564,21.56783849585581,39.126322981698024,FRC3,84,84,132,132,1.0,0,1,False,Low
2026-10-06 01:50:27,2026-10-06 04:50:27,2026-10-06,4,Tuesday,0,King Abdulaziz Road,King_Abdulaziz_Road_2,21.59236,39.12375,21.680822573052378,39.11027800736724,FRC3,78,78,917,917,1.0,0,1,False,Low
2026-10-06 01:50:27,2026-10-06 04:50:27,2026-10-06,4,Tuesday,0,King Abdulaziz Road,King_Abdulaziz_Road_3,21.62064,39.11597,21.6390002039573,39.11163118181557,FRC3,83,83,661,661,1.0,0,1,False,Low
2026-10-06 02:00:42,2026-10-06 05:00:42,2026-10-06,5,Tuesday,0,Al Haramain Road,Al_Haramain_Road_1,21.72336,39.19394,21.735295564288815,39.189261016247144,FRC0,96,96,728,728,1.0,0,1,False,Low
2026-10-06 02:00:42,2026-10-06 05:00:42,2026-10-06,5,Tuesday,0,Al Haramain Road,Al_Haramain_Road_2,21.62897,39.21308,21.54375360318856,39.23716929257782,FRC0,92,92,756,756,1.0,0,1,False,Low
2026-10-06 02:00:42,2026-10-06 05:00:42,2026-10-06,5,Tuesday,0,Al Haramain Road,Al_Haramain_Road_3,21.58853,39.22808,21.552360876982483,39.2348009020171,FRC0,93,93,704,704,1.0,0,1,False,Low
2026-10-06 02:00:42,2026-10-06 05:00:42,2026-10-06,5,Tuesday,0,Al Madinah Road,Al_Madinah_Road_1,21.67808,39.12614,21.720509834459893,39.13040530381966,FRC0,102,102,648,648,1.0,0,1,False,Low
2026-10-06 02:00:42,2026-10-06 05:00:42,2026-10-06,5,Tuesday,0,Al Madinah Road,Al_Madinah_Road_2,21.64356,39.14481,21.634007286572068,39.15128227769196,FRC0,94,94,81,81,1.0,0,1,False,Low
2026-10-06 02:00:42,2026-10-06 05:00:42,2026-10-06,5,Tuesday,0,Al Madinah Road,Al_Madinah_Road_3,21.61511,39.15536,21.597612362403563,39.159913626303876,FRC1,79,79,336,336,1.0,0,1,False,Low
2026-10-06 02:00:42,2026-10-06 05:00:42,2026-10-06,5,Tuesday,0,Al Madinah Road,Al_Madinah_Road_4,21.55194,39.17472,21.52924688610848,39.180449959631204,FRC3,70,70,352,352,1.0,0,1,False,Low
2026-10-06 02:00:42,2026-10-06 05:00:42,2026-10-06,5,Tuesday,0,King Abdulaziz Road,King_Abdulaziz_Road_1,21.55642,39.12564,21.56783849585581,39.126322981698024,FRC3,84,84,132,132,1.0,0,1,False,Low
2026-10-06 02:00:42,2026-10-06 05:00:42,2026-10-06,5,Tuesday,0,King Abdulaziz Road,King_Abdulaziz_Road_2,21.59236,39.12375,21.680822573052378,39.11027800736724,FRC3,78,78,917,917,1.0,0,1,False,Low
2026-10-06 02:00:42,2026-10-06 05:00:42,2026-10-06,5,Tuesday,0,King Abdulaziz Road,King_Abdulaziz_Road_3,21.62064,39.11597,21.6390002039573,39.11163118181557,FRC3,83,83,661,661,1.0,0,1,False,Low
2026-10-06 02:10:28,2026-10-06 05:10:28,2026-10-06,5,Tuesday,0,Al Haramain Road,Al_Haramain_Road_1,21.72336,39.19394,21.735295564288815,39.189261016247144,FRC0,96,96,728,728,1.0,0,1,False,Low
2026-10-06 02:10:28,2026-10-06 05:10:28,2026-10-06,5,Tuesday,0,Al Haramain Road,Al_Haramain_Road_2,21.62897,39.21308,21.54375360318856,39.23716929257782,FRC0,92,92,756,756,1.0,0,1,False,Low
2026-10-06 02:10:28,2026-10-06 05:10:28,2026-10-06,5,Tuesday,0,Al Haramain Road,Al_Haramain_Road_3,21.58853,39.22808,21.552360876982483,39.2348009020171,FRC0,93,93,704,704,1.0,0,1,False,Low
2026-10-06 02:10:28,2026-10-06 05:10:28,2026-10-06,5,Tuesday,0,Al Madinah Road,Al_Madinah_Road_1,21.67808,39.12614,21.720509834459893,39.13040530381966,FRC0,102,102,648,648,1.0,0,1,False,Low
2026-10-06 02:10:28,2026-10-06 05:10:28,2026-10-06,5,Tuesday,0,Al Madinah Road,Al_Madinah_Road_2,21.64356,39.14481,21.634007286572068,39.15128227769196,FRC0,94,94,81,81,1.0,0,1,False,Low
2026-10-06 02:10:28,2026-10-06 05:10:28,2026-10-06,5,Tuesday,0,Al Madinah Road,Al_Madinah_Road_3,21.61511,39.15536,21.597612362403563,39.159913626303876,FRC1,79,79,336,336,1.0,0,1,False,Low
2026-10-06 02:10:28,2026-10-06 05:10:28,2026-10-06,5,Tuesday,0,Al Madinah Road,Al_Madinah_Road_4,21.55194,39.17472,21.52924688610848,39.180449959631204,FRC3,70,70,352,352,1.0,0,1,False,Low
2026-10-06 02:10:28,2026-10-06 05:10:28,2026-10-06,5,Tuesday,0,King Abdulaziz Road,King_Abdulaziz_Road_1,21.55642,39.12564,21.56783849585581,39.126322981698024,FRC3,84,84,132,132,1.0,0,1,False,Low
2026-10-06 02:10:28,2026-10-06 05:10:28,2026-10-06,5,Tuesday,0,King Abdulaziz Road,King_Abdulaziz_Road_2,21.59236,39.12375,21.680822573052378,39.11027800736724,FRC3,78,78,917,917,1.0,0,1,False,Low
2026-10-06 02:10:28,2026-10-06 05:10:28,2026-10-06,5,Tuesday,0,King Abdulaziz Road,King_Abdulaziz_Road_3,21.62064,39.11597,21.6390002039573,39.11163118181557,FRC3,83,83,661,661,1.0,0,1,False,Low
2026-10-06 02:20:26,2026-10-06 05:20:26,2026-10-06,5,Tuesday,0,Al Haramain Road,Al_Haramain_Road_1,21.72336,39.19394,21.735295564288815,39.189261016247144,FRC0,96,96,728,728,1.0,0,1,False,Low
2026-10-06 02:20:26,2026-10-06 05:20:26,2026-10-06,5,Tuesday,0,Al Haramain Road,Al_Haramain_Road_2,21.62897,39.21308,21.54375360318856,39.23716929257782,FRC0,92,92,756,756,1.0,0,1,False,Low
2026-10-06 02:20:26,2026-10-06 05:20:26,2026-10-06,5,Tuesday,0,Al Haramain Road,Al_Haramain_Road_3,21.58853,39.22808,21.552360876982483,39.2348009020171,FRC0,93,93,704,704,1.0,0,1,False,Low
2026-10-06 02:20:26,2026-10-06 05:20:26,2026-10-06,5,Tuesday,0,Al Madinah Road,Al_Madinah_Road_1,21.67808,39.12614,21.720509834459893,39.13040530381966,FRC0,102,102,648,648,1.0,0,1,False,Low
2026-10-06 02:20:26,2026-10-06 05:20:26,2026-10-06,5,Tuesday,0,Al Madinah Road,Al_Madinah_Road_2,21.64356,39.14481,21.634007286572068,39.15128227769196,FRC0,94,94,81,81,1.0,0,1,False,Low
2026-10-06 02:20:26,2026-10-06 05:20:26,2026-10-06,5,Tuesday,0,Al Madinah Road,Al_Madinah_Road_3,21.61511,39.15536,21.597612362403563,39.159913626303876,FRC1,79,79,336,336,1.0,0,1,False,Low
2026-10-06 02:20:26,2026-10-06 05:20:26,2026-10-06,5,Tuesday,0,Al Madinah Road,Al_Madinah_Road_4,21.55194,39.17472,21.52924688610848,39.180449959631204,FRC3,70,70,352,352,1.0,0,1,False,Low
2026-10-06 02:20:26,2026-10-06 05:20:26,2026-10-06,5,Tuesday,0,King Abdulaziz Road,King_Abdulaziz_Road_1,21.55642,39.12564,21.56783849585581,39.126322981698024,FRC3,84,84,132,132,1.0,0,1,False,Low
2026-10-06 02:20:26,2026-10-06 05:20:26,2026-10-06,5,Tuesday,0,King Abdulaziz Road,King_Abdulaziz_Road_2,21.59236,39.12375,21.680822573052378,39.11027800736724,FRC3,78,78,917,917,1.0,0,1,False,Low
2026-10-06 02:20:26,2026-10-06 05:20:26,2026-10-06,5,Tuesday,0,King Abdulaziz Road,King_Abdulaziz_Road_3,21.62064,39.11597,21.6390002039573,39.11163118181557,FRC3,83,83,661,661,1.0,0,1,False,Low
2026-10-06 02:30:34,2026-10-06 05:30:34,2026-10-06,5,Tuesday,0,Al Haramain Road,Al_Haramain_Road_1,21.72336,39.19394,21.735295564288815,39.189261016247144,FRC0,96,96,728,728,1.0,0,1,False,Low
2026-10-06 02:30:34,2026-10-06 05:30:34,2026-10-06,5,Tuesday,0,Al Haramain Road,Al_Haramain_Road_2,21.62897,39.21308,21.54375360318856,39.23716929257782,FRC0,92,92,756,756,1.0,0,1,False,Low
2026-10-06 02:30:34,2026-10-06 05:30:34,2026-10-06,5,Tuesday,0,Al Haramain Road,Al_Haramain_Road_3,21.58853,39.22808,21.552360876982483,39.2348009020171,FRC0,93,93,704,704,1.0,0,1,False,Low
2026-10-06 02:30:34,2026-10-06 05:30:34,2026-10-06,5,Tuesday,0,Al Madinah Road,Al_Madinah_Road_1,21.67808,39.12614,21.720509834459893,39.13040530381966,FRC0,102,102,648,648,1.0,0,1,False,Low
2026-10-06 02:30:34,2026-10-06 05:30:34,2026-10-06,5,Tuesday,0,Al Madinah Road,Al_Madinah_Road_2,21.64356,39.14481,21.634007286572068,39.15128227769196,FRC0,94,94,81,81,1.0,0,1,False,Low
2026-10-06 02:30:34,2026-10-06 05:30:34,2026-10-06,5,Tuesday,0,Al Madinah Road,Al_Madinah_Road_3,21.61511,39.15536,21.597612362403563,39.159913626303876,FRC1,79,79,336,336,1.0,0,1,False,Low
2026-10-06 02:30:34,2026-10-06 05:30:34,2026-10-06,5,Tuesday,0,Al Madinah Road,Al_Madinah_Road_4,21.55194,39.17472,21.52924688610848,39.180449959631204,FRC3,70,70,352,352,1.0,0,1,False,Low
2026-10-06 02:30:34,2026-10-06 05:30:34,2026-10-06,5,Tuesday,0,King Abdulaziz Road,King_Abdulaziz_Road_1,21.55642,39.12564,21.56783849585581,39.126322981698024,FRC3,84,84,132,132,1.0,0,1,False,Low
2026-10-06 02:30:34,2026-10-06 05:30:34,2026-10-06,5,Tuesday,0,King Abdulaziz Road,King_Abdulaziz_Road_2,21.59236,39.12375,21.680822573052378,39.11027800736724,FRC3,78,78,917,917,1.0,0,1,False,Low
2026-10-06 02:30:34,2026-10-06 05:30:34,2026-10-06,5,Tuesday,0,King Abdulaziz Road,King_Abdulaziz_Road_3,21.62064,39.11597,21.6390002039573,39.11163118181557,FRC3,83,83,661,661,1.0,0,1,False,Low
2026-10-06 02:40:29,2026-10-06 05:40:29,2026-10-06,5,Tuesday,0,Al Haramain Road,Al_Haramain_Road_1,21.72336,39.19394,21.735295564288815,39.189261016247144,FRC0,96,96,728,728,1.0,0,1,False,Low
2026-10-06 02:40:29,2026-10-06 05:40:29,2026-10-06,5,Tuesday,0,Al Haramain Road,Al_Haramain_Road_2,21.62897,39.21308,21.54375360318856,39.23716929257782,FRC0,92,92,756,756,1.0,0,1,False,Low
2026-10-06 02:40:29,2026-10-06 05:40:29,2026-10-06,5,Tuesday,0,Al Haramain Road,Al_Haramain_Road_3,21.58853,39.22808,21.552360876982483,39.2348009020171,FRC0,93,93,704,704,1.0,0,1,False,Low
2026-10-06 02:40:29,2026-10-06 05:40:29,2026-10-06,5,Tuesday,0,Al Madinah Road,Al_Madinah_Road_1,21.67808,39.12614,21.720509834459893,39.13040530381966,FRC0,102,102,648,648,1.0,0,1,False,Low
2026-10-06 02:40:29,2026-10-06 05:40:29,2026-10-06,5,Tuesday,0,Al Madinah Road,Al_Madinah_Road_2,21.64356,39.14481,21.634007286572068,39.15128227769196,FRC0,94,94,81,81,1.0,0,1,False,Low
2026-10-06 02:40:29,2026-10-06 05:40:29,2026-10-06,5,Tuesday,0,Al Madinah Road,Al_Madinah_Road_3,21.61511,39.15536,21.597612362403563,39.159913626303876,FRC1,79,79,336,336,1.0,0,1,False,Low
2026-10-06 02:40:29,2026-10-06 05:40:29,2026-10-06,5,Tuesday,0,Al Madinah Road,Al_Madinah_Road_4,21.55194,39.17472,21.52924688610848,39.180449959631204,FRC3,70,70,352,352,1.0,0,1,False,Low
2026-10-06 02:40:29,2026-10-06 05:40:29,2026-10-06,5,Tuesday,0,King Abdulaziz Road,King_Abdulaziz_Road_1,21.55642,39.12564,21.56783849585581,39.126322981698024,FRC3,84,84,132,132,1.0,0,1,False,Low
2026-10-06 02:40:29,2026-10-06 05:40:29,2026-10-06,5,Tuesday,0,King Abdulaziz Road,King_Abdulaziz_Road_2,21.59236,39.12375,21.680822573052378,39.11027800736724,FRC3,78,78,917,917,1.0,0,1,False,Low
2026-10-06 02:40:29,2026-10-06 05:40:29,2026-10-06,5,Tuesday,0,King Abdulaziz Road,King_Abdulaziz_Road_3,21.62064,39.11597,21.6390002039573,39.11163118181557,FRC3,83,83,661,661,1.0,0,1,False,Low
2026-10-06 02:50:26,2026-10-06 05:50:26,2026-10-06,5,Tuesday,0,Al Haramain Road,Al_Haramain_Road_1,21.72336,39.19394,21.735295564288815,39.189261016247144,FRC0,96,96,728,728,1.0,0,1,False,Low
2026-10-06 02:50:26,2026-10-06 05:50:26,2026-10-06,5,Tuesday,0,Al Haramain Road,Al_Haramain_Road_2,21.62897,39.21308,21.54375360318856,39.23716929257782,FRC0,92,92,756,756,1.0,0,1,False,Low
2026-10-06 02:50:26,2026-10-06 05:50:26,2026-10-06,5,Tuesday,0,Al Haramain Road,Al_Haramain_Road_3,21.58853,39.22808,21.552360876982483,39.2348009020171,FRC0,93,93,704,704,1.0,0,1,False,Low
2026-10-06 02:50:26,2026-10-06 05:50:26,2026-10-06,5,Tuesday,0,Al Madinah Road,Al_Madinah_Road_1,21.67808,39.12614,21.720509834459893,39.13040530381966,FRC0,102,102,648,648,1.0,0,1,False,Low
2026-10-06 02:50:26,2026-10-06 05:50:26,2026-10-06,5,Tuesday,0,Al Madinah Road,Al_Madinah_Road_2,21.64356,39.14481,21.634007286572068,39.15128227769196,FRC0,94,94,81,81,1.0,0,1,False,Low
2026-10-06 02:50:26,2026-10-06 05:50:26,2026-10-06,5,Tuesday,0,Al Madinah Road,Al_Madinah_Road_3,21.61511,39.15536,21.597612362403563,39.159913626303876,FRC1,79,79,336,336,1.0,0,1,False,Low
2026-10-06 02:50:26,2026-10-06 05:50:26,2026-10-06,5,Tuesday,0,Al Madinah Road,Al_Madinah_Road_4,21.55194,39.17472,21.52924688610848,39.180449959631204,FRC3,70,70,352,352,1.0,0,1,False,Low
2026-10-06 02:50:26,2026-10-06 05:50:26,2026-10-06,5,Tuesday,0,King Abdulaziz Road,King_Abdulaziz_Road_1,21.55642,39.12564,21.56783849585581,39.126322981698024,FRC3,84,84,132,132,1.0,0,1,False,Low
2026-10-06 02:50:26,2026-10-06 05:50:26,2026-10-06,5,Tuesday,0,King Abdulaziz Road,King_Abdulaziz_Road_2,21.59236,39.12375,21.680822573052378,39.11027800736724,FRC3,78,78,917,917,1.0,0,1,False,Low
2026-10-06 02:50:26,2026-10-06 05:50:26,2026-10-06,5,Tuesday,0,King Abdulaziz Road,King_Abdulaziz_Road_3,21.62064,39.11597,21.6390002039573,39.11163118181557,FRC3,83,83,661,661,1.0,0,1,False,Low
2026-10-06 03:00:46,2026-10-06 06:00:46,2026-10-06,6,Tuesday,0,Al Haramain Road,Al_Haramain_Road_1,21.72336,39.19394,21.735295564288815,39.189261016247144,FRC0,96,96,728,728,1.0,0,1,False,Low
2026-10-06 03:00:46,2026-10-06 06:00:46,2026-10-06,6,Tuesday,0,Al Haramain Road,Al_Haramain_Road_2,21.62897,39.21308,21.54375360318856,39.23716929257782,FRC0,92,92,756,756,1.0,0,1,False,Low
2026-10-06 03:00:46,2026-10-06 06:00:46,2026-10-06,6,Tuesday,0,Al Haramain Road,Al_Haramain_Road_3,21.58853,39.22808,21.552360876982483,39.2348009020171,FRC0,93,93,704,704,1.0,0,1,False,Low
2026-10-06 03:00:46,2026-10-06 06:00:46,2026-10-06,6,Tuesday,0,Al Madinah Road,Al_Madinah_Road_1,21.67808,39.12614,21.720509834459893,39.13040530381966,FRC0,102,102,648,648,1.0,0,1,False,Low
2026-10-06 03:00:46,2026-10-06 06:00:46,2026-10-06,6,Tuesday,0,Al Madinah Road,Al_Madinah_Road_2,21.64356,39.14481,21.634007286572068,39.15128227769196,FRC0,94,94,81,81,1.0,0,1,False,Low
2026-10-06 03:00:46,2026-10-06 06:00:46,2026-10-06,6,Tuesday,0,Al Madinah Road,Al_Madinah_Road_3,21.61511,39.15536,21.597612362403563,39.159913626303876,FRC1,79,79,336,336,1.0,0,1,False,Low
2026-10-06 03:00:46,2026-10-06 06:00:46,2026-10-06,6,Tuesday,0,Al Madinah Road,Al_Madinah_Road_4,21.55194,39.17472,21.52924688610848,39.180449959631204,FRC3,70,70,352,352,1.0,0,1,False,Low
2026-10-06 03:00:46,2026-10-06 06:00:46,2026-10-06,6,Tuesday,0,King Abdulaziz Road,King_Abdulaziz_Road_1,21.55642,39.12564,21.56783849585581,39.126322981698024,FRC3,84,84,132,132,1.0,0,1,False,Low
2026-10-06 03:00:46,2026-10-06 06:00:46,2026-10-06,6,Tuesday,0,King Abdulaziz Road,King_Abdulaziz_Road_2,21.59236,39.12375,21.680822573052378,39.11027800736724,FRC3,78,78,917,917,1.0,0,1,False,Low
2026-10-06 03:00:46,2026-10-06 06:00:46,2026-10-06,6,Tuesday,0,King Abdulaziz Road,King_Abdulaziz_Road_3,21.62064,39.11597,21.6390002039573,39.11163118181557,FRC3,83,83,661,661,1.0,0,1,False,Low
2026-10-06 03:10:29,2026-10-06 06:10:29,2026-10-06,6,Tuesday,0,Al Haramain Road,Al_Haramain_Road_1,21.72336,39.19394,21.735295564288815,39.189261016247144,FRC0,96,96,728,728,1.0,0,1,False,Low
2026-10-06 03:10:29,2026-10-06 06:10:29,2026-10-06,6,Tuesday,0,Al Haramain Road,Al_Haramain_Road_2,21.62897,39.21308,21.54375360318856,39.23716929257782,FRC0,92,92,756,756,1.0,0,1,False,Low
2026-10-06 03:10:29,2026-10-06 06:10:29,2026-10-06,6,Tuesday,0,Al Haramain Road,Al_Haramain_Road_3,21.58853,39.22808,21.552360876982483,39.2348009020171,FRC0,93,93,704,704,1.0,0,1,False,Low
2026-10-06 03:10:29,2026-10-06 06:10:29,2026-10-06,6,Tuesday,0,Al Madinah Road,Al_Madinah_Road_1,21.67808,39.12614,21.720509834459893,39.13040530381966,FRC0,102,102,648,648,1.0,0,1,False,Low
2026-10-06 03:10:29,2026-10-06 06:10:29,2026-10-06,6,Tuesday,0,Al Madinah Road,Al_Madinah_Road_2,21.64356,39.14481,21.634007286572068,39.15128227769196,FRC0,94,94,81,81,1.0,0,1,False,Low
2026-10-06 03:10:29,2026-10-06 06:10:29,2026-10-06,6,Tuesday,0,Al Madinah Road,Al_Madinah_Road_3,21.61511,39.15536,21.597612362403563,39.159913626303876,FRC1,79,79,336,336,1.0,0,1,False,Low
2026-10-06 03:10:29,2026-10-06 06:10:29,2026-10-06,6,Tuesday,0,Al Madinah Road,Al_Madinah_Road_4,21.55194,39.17472,21.52924688610848,39.180449959631204,FRC3,70,70,352,352,1.0,0,1,False,Low
2026-10-06 03:10:29,2026-10-06 06:10:29,2026-10-06,6,Tuesday,0,King Abdulaziz Road,King_Abdulaziz_Road_1,21.55642,39.12564,21.56783849585581,39.126322981698024,FRC3,84,84,132,132,1.0,0,1,False,Low
2026-10-06 03:10:29,2026-10-06 06:10:29,2026-10-06,6,Tuesday,0,King Abdulaziz Road,King_Abdulaziz_Road_2,21.59236,39.12375,21.680822573052378,39.11027800736724,FRC3,78,78,917,917,1.0,0,1,False,Low
2026-10-06 03:10:29,2026-10-06 06:10:29,2026-10-06,6,Tuesday,0,King Abdulaziz Road,King_Abdulaziz_Road_3,21.62064,39.11597,21.6390002039573,39.11163118181557,FRC3,83,83,661,661,1.0,0,1,False,Low
2026-10-06 03:20:28,2026-10-06 06:20:28,2026-10-06,6,Tuesday,0,Al Haramain Road,Al_Haramain_Road_1,21.72336,39.19394,21.735295564288815,39.189261016247144,FRC0,71,95,984,735,0.7474,249,1,False,Medium
2026-10-06 03:20:28,2026-10-06 06:20:28,2026-10-06,6,Tuesday,0,Al Haramain Road,Al_Haramain_Road_2,21.62897,39.21308,21.54375360318856,39.23716929257782,FRC0,92,92,756,756,1.0,0,1,False,Low
2026-10-06 03:20:28,2026-10-06 06:20:28,2026-10-06,6,Tuesday,0,Al Haramain Road,Al_Haramain_Road_3,21.58853,39.22808,21.552360876982483,39.2348009020171,FRC0,93,93,704,704,1.0,0,1,False,Low
2026-10-06 03:20:28,2026-10-06 06:20:28,2026-10-06,6,Tuesday,0,Al Madinah Road,Al_Madinah_Road_1,21.67808,39.12614,21.720509834459893,39.13040530381966,FRC0,102,102,648,648,1.0,0,1,False,Low
2026-10-06 03:20:28,2026-10-06 06:20:28,2026-10-06,6,Tuesday,0,Al Madinah Road,Al_Madinah_Road_2,21.64356,39.14481,21.634007286572068,39.15128227769196,FRC0,94,94,81,81,1.0,0,1,False,Low
2026-10-06 03:20:28,2026-10-06 06:20:28,2026-10-06,6,Tuesday,0,Al Madinah Road,Al_Madinah_Road_3,21.61511,39.15536,21.597612362403563,39.159913626303876,FRC1,79,79,336,336,1.0,0,1,False,Low
2026-10-06 03:20:28,2026-10-06 06:20:28,2026-10-06,6,Tuesday,0,Al Madinah Road,Al_Madinah_Road_4,21.55194,39.17472,21.52924688610848,39.180449959631204,FRC3,70,70,352,352,1.0,0,1,False,Low
2026-10-06 03:20:28,2026-10-06 06:20:28,2026-10-06,6,Tuesday,0,King Abdulaziz Road,King_Abdulaziz_Road_1,21.55642,39.12564,21.56783849585581,39.126322981698024,FRC3,84,84,132,132,1.0,0,1,False,Low
2026-10-06 03:20:28,2026-10-06 06:20:28,2026-10-06,6,Tuesday,0,King Abdulaziz Road,King_Abdulaziz_Road_2,21.59236,39.12375,21.680822573052378,39.11027800736724,FRC3,78,78,917,917,1.0,0,1,False,Low
2026-10-06 03:20:28,2026-10-06 06:20:28,2026-10-06,6,Tuesday,0,King Abdulaziz Road,King_Abdulaziz_Road_3,21.62064,39.11597,21.6390002039573,39.11163118181557,FRC3,83,83,661,661,1.0,0,1,False,Low
2026-10-06 03:30:36,2026-10-06 06:30:36,2026-10-06,6,Tuesday,0,Al Haramain Road,Al_Haramain_Road_1,21.72336,39.19394,21.735295564288815,39.189261016247144,FRC0,69,95,1012,735,0.7263,277,1,False,Medium
2026-10-06 03:30:36,2026-10-06 06:30:36,2026-10-06,6,Tuesday,0,Al Haramain Road,Al_Haramain_Road_2,21.62897,39.21308,21.54375360318856,39.23716929257782,FRC0,74,91,940,764,0.8132,176,1,False,Medium
2026-10-06 03:30:36,2026-10-06 06:30:36,2026-10-06,6,Tuesday,0,Al Haramain Road,Al_Haramain_Road_3,21.58853,39.22808,21.552360876982483,39.2348009020171,FRC0,93,93,704,704,1.0,0,1,False,Low
2026-10-06 03:30:36,2026-10-06 06:30:36,2026-10-06,6,Tuesday,0,Al Madinah Road,Al_Madinah_Road_1,21.67808,39.12614,21.720509834459893,39.13040530381966,FRC0,102,102,648,648,1.0,0,1,False,Low
2026-10-06 03:30:36,2026-10-06 06:30:36,2026-10-06,6,Tuesday,0,Al Madinah Road,Al_Madinah_Road_2,21.64356,39.14481,21.634007286572068,39.15128227769196,FRC0,94,94,81,81,1.0,0,1,False,Low
2026-10-06 03:30:36,2026-10-06 06:30:36,2026-10-06,6,Tuesday,0,Al Madinah Road,Al_Madinah_Road_3,21.61511,39.15536,21.597612362403563,39.159913626303876,FRC1,79,79,336,336,1.0,0,1,False,Low
2026-10-06 03:30:36,2026-10-06 06:30:36,2026-10-06,6,Tuesday,0,Al Madinah Road,Al_Madinah_Road_4,21.55194,39.17472,21.52924688610848,39.180449959631204,FRC3,70,70,352,352,1.0,0,1,False,Low
2026-10-06 03:30:36,2026-10-06 06:30:36,2026-10-06,6,Tuesday,0,King Abdulaziz Road,King_Abdulaziz_Road_1,21.55642,39.12564,21.56783849585581,39.126322981698024,FRC3,84,84,132,132,1.0,0,1,False,Low
2026-10-06 03:30:36,2026-10-06 06:30:36,2026-10-06,6,Tuesday,0,King Abdulaziz Road,King_Abdulaziz_Road_2,21.59236,39.12375,21.680822573052378,39.11027800736724,FRC3,78,78,917,917,1.0,0,1,False,Low
2026-10-06 03:30:36,2026-10-06 06:30:36,2026-10-06,6,Tuesday,0,King Abdulaziz Road,King_Abdulaziz_Road_3,21.62064,39.11597,21.6390002039573,39.11163118181557,FRC3,83,83,661,661,1.0,0,1,False,Low
2026-10-06 03:40:28,2026-10-06 06:40:28,2026-10-06,6,Tuesday,0,Al Haramain Road,Al_Haramain_Road_1,21.72336,39.19394,21.735295564288815,39.189261016247144,FRC0,73,95,957,735,0.7684,222,1,False,Medium
2026-10-06 03:40:28,2026-10-06 06:40:28,2026-10-06,6,Tuesday,0,Al Haramain Road,Al_Haramain_Road_2,21.62897,39.21308,21.54375360318856,39.23716929257782,FRC0,72,92,966,756,0.7826,210,1,False,Medium
2026-10-06 03:40:28,2026-10-06 06:40:28,2026-10-06,6,Tuesday,0,Al Haramain Road,Al_Haramain_Road_3,21.58853,39.22808,21.552360876982483,39.2348009020171,FRC0,93,93,704,704,1.0,0,1,False,Low
2026-10-06 03:40:28,2026-10-06 06:40:28,2026-10-06,6,Tuesday,0,Al Madinah Road,Al_Madinah_Road_1,21.67808,39.12614,21.720509834459893,39.13040530381966,FRC0,102,102,648,648,1.0,0,1,False,Low
2026-10-06 03:40:28,2026-10-06 06:40:28,2026-10-06,6,Tuesday,0,Al Madinah Road,Al_Madinah_Road_2,21.64356,39.14481,21.634007286572068,39.15128227769196,FRC0,94,94,81,81,1.0,0,1,False,Low
2026-10-06 03:40:28,2026-10-06 06:40:28,2026-10-06,6,Tuesday,0,Al Madinah Road,Al_Madinah_Road_3,21.61511,39.15536,21.597612362403563,39.159913626303876,FRC1,79,79,336,336,1.0,0,1,False,Low
2026-10-06 03:40:28,2026-10-06 06:40:28,2026-10-06,6,Tuesday,0,Al Madinah Road,Al_Madinah_Road_4,21.55194,39.17472,21.52924688610848,39.180449959631204,FRC3,70,70,352,352,1.0,0,1,False,Low
2026-10-06 03:40:28,2026-10-06 06:40:28,2026-10-06,6,Tuesday,0,King Abdulaziz Road,King_Abdulaziz_Road_1,21.55642,39.12564,21.56783849585581,39.126322981698024,FRC3,84,84,132,132,1.0,0,1,False,Low
2026-10-06 03:40:28,2026-10-06 06:40:28,2026-10-06,6,Tuesday,0,King Abdulaziz Road,King_Abdulaziz_Road_2,21.59236,39.12375,21.680822573052378,39.11027800736724,FRC3,78,78,917,917,1.0,0,1,False,Low
2026-10-06 03:40:28,2026-10-06 06:40:28,2026-10-06,6,Tuesday,0,King Abdulaziz Road,King_Abdulaziz_Road_3,21.62064,39.11597,21.6390002039573,39.11163118181557,FRC3,83,83,661,661,1.0,0,1,False,Low
2026-10-06 03:50:27,2026-10-06 06:50:27,2026-10-06,6,Tuesday,0,Al Haramain Road,Al_Haramain_Road_1,21.72336,39.19394,21.735295564288815,39.189261016247144,FRC0,75,95,931,735,0.7895,196,1,False,Medium
2026-10-06 03:50:27,2026-10-06 06:50:27,2026-10-06,6,Tuesday,0,Al Haramain Road,Al_Haramain_Road_2,21.62897,39.21308,21.54375360318856,39.23716929257782,FRC0,67,91,1038,764,0.7363,274,1,False,Medium
2026-10-06 03:50:27,2026-10-06 06:50:27,2026-10-06,6,Tuesday,0,Al Haramain Road,Al_Haramain_Road_3,21.58853,39.22808,21.552360876982483,39.2348009020171,FRC0,93,93,704,704,1.0,0,1,False,Low
2026-10-06 03:50:27,2026-10-06 06:50:27,2026-10-06,6,Tuesday,0,Al Madinah Road,Al_Madinah_Road_1,21.67808,39.12614,21.720509834459893,39.13040530381966,FRC0,102,102,648,648,1.0,0,1,False,Low
2026-10-06 03:50:27,2026-10-06 06:50:27,2026-10-06,6,Tuesday,0,Al Madinah Road,Al_Madinah_Road_2,21.64356,39.14481,21.634007286572068,39.15128227769196,FRC0,94,94,81,81,1.0,0,1,False,Low
2026-10-06 03:50:27,2026-10-06 06:50:27,2026-10-06,6,Tuesday,0,Al Madinah Road,Al_Madinah_Road_3,21.61511,39.15536,21.597612362403563,39.159913626303876,FRC1,79,79,336,336,1.0,0,1,False,Low
2026-10-06 03:50:27,2026-10-06 06:50:27,2026-10-06,6,Tuesday,0,Al Madinah Road,Al_Madinah_Road_4,21.55194,39.17472,21.52924688610848,39.180449959631204,FRC3,70,70,352,352,1.0,0,1,False,Low
2026-10-06 03:50:27,2026-10-06 06:50:27,2026-10-06,6,Tuesday,0,King Abdulaziz Road,King_Abdulaziz_Road_1,21.55642,39.12564,21.56783849585581,39.126322981698024,FRC3,84,84,132,132,1.0,0,1,False,Low
2026-10-06 03:50:27,2026-10-06 06:50:27,2026-10-06,6,Tuesday,0,King Abdulaziz Road,King_Abdulaziz_Road_2,21.59236,39.12375,21.680822573052378,39.11027800736724,FRC3,78,78,917,917,1.0,0,1,False,Low
2026-10-06 03:50:27,2026-10-06 06:50:27,2026-10-06,6,Tuesday,0,King Abdulaziz Road,King_Abdulaziz_Road_3,21.62064,39.11597,21.6390002039573,39.11163118181557,FRC3,83,83,661,661,1.0,0,1,False,Low
2026-10-06 04:00:47,2026-10-06 07:00:47,2026-10-06,7,Tuesday,0,Al Haramain Road,Al_Haramain_Road_1,21.72336,39.19394,21.735295564288815,39.189261016247144,FRC0,77,95,907,735,0.8105,172,1,False,Medium
2026-10-06 04:00:47,2026-10-06 07:00:47,2026-10-06,7,Tuesday,0,Al Haramain Road,Al_Haramain_Road_2,21.62897,39.21308,21.54375360318856,39.23716929257782,FRC0,63,91,1104,764,0.6923,340,1,False,Medium
2026-10-06 04:00:47,2026-10-06 07:00:47,2026-10-06,7,Tuesday,0,Al Haramain Road,Al_Haramain_Road_3,21.58853,39.22808,21.552360876982483,39.2348009020171,FRC0,93,93,704,704,1.0,0,1,False,Low
2026-10-06 04:00:47,2026-10-06 07:00:47,2026-10-06,7,Tuesday,0,Al Madinah Road,Al_Madinah_Road_1,21.67808,39.12614,21.720509834459893,39.13040530381966,FRC0,102,102,648,648,1.0,0,1,False,Low
2026-10-06 04:00:47,2026-10-06 07:00:47,2026-10-06,7,Tuesday,0,Al Madinah Road,Al_Madinah_Road_2,21.64356,39.14481,21.634007286572068,39.15128227769196,FRC0,94,94,81,81,1.0,0,1,False,Low
2026-10-06 04:00:47,2026-10-06 07:00:47,2026-10-06,7,Tuesday,0,Al Madinah Road,Al_Madinah_Road_3,21.61511,39.15536,21.597612362403563,39.159913626303876,FRC1,79,79,336,336,1.0,0,1,False,Low
2026-10-06 04:00:47,2026-10-06 07:00:47,2026-10-06,7,Tuesday,0,Al Madinah Road,Al_Madinah_Road_4,21.55194,39.17472,21.52924688610848,39.180449959631204,FRC3,70,70,352,352,1.0,0,1,False,Low
2026-10-06 04:00:47,2026-10-06 07:00:47,2026-10-06,7,Tuesday,0,King Abdulaziz Road,King_Abdulaziz_Road_1,21.55642,39.12564,21.56783849585581,39.126322981698024,FRC3,84,84,132,132,1.0,0,1,False,Low
2026-10-06 04:00:47,2026-10-06 07:00:47,2026-10-06,7,Tuesday,0,King Abdulaziz Road,King_Abdulaziz_Road_2,21.59236,39.12375,21.680822573052378,39.11027800736724,FRC3,67,78,1068,917,0.859,151,0.980543,False,Low
2026-10-06 04:00:47,2026-10-06 07:00:47,2026-10-06,7,Tuesday,0,King Abdulaziz Road,King_Abdulaziz_Road_3,21.62064,39.11597,21.6390002039573,39.11163118181557,FRC3,83,83,661,661,1.0,0,1,False,Low
2026-10-06 04:10:29,2026-10-06 07:10:29,2026-10-06,7,Tuesday,0,Al Haramain Road,Al_Haramain_Road_1,21.72336,39.19394,21.735295564288815,39.189261016247144,FRC0,76,95,919,735,0.8,184,1,False,Medium
2026-10-06 04:10:29,2026-10-06 07:10:29,2026-10-06,7,Tuesday,0,Al Haramain Road,Al_Haramain_Road_2,21.62897,39.21308,21.54375360318856,39.23716929257782,FRC0,54,91,1289,764,0.5934,525,1,False,High
2026-10-06 04:10:29,2026-10-06 07:10:29,2026-10-06,7,Tuesday,0,Al Haramain Road,Al_Haramain_Road_3,21.58853,39.22808,21.552360876982483,39.2348009020171,FRC0,93,93,704,704,1.0,0,1,False,Low
2026-10-06 04:10:29,2026-10-06 07:10:29,2026-10-06,7,Tuesday,0,Al Madinah Road,Al_Madinah_Road_1,21.67808,39.12614,21.720509834459893,39.13040530381966,FRC0,102,102,648,648,1.0,0,1,False,Low
2026-10-06 04:10:29,2026-10-06 07:10:29,2026-10-06,7,Tuesday,0,Al Madinah Road,Al_Madinah_Road_2,21.64356,39.14481,21.634007286572068,39.15128227769196,FRC0,94,94,81,81,1.0,0,1,False,Low
2026-10-06 04:10:29,2026-10-06 07:10:29,2026-10-06,7,Tuesday,0,Al Madinah Road,Al_Madinah_Road_3,21.61511,39.15536,21.597612362403563,39.159913626303876,FRC1,79,79,336,336,1.0,0,1,False,Low
2026-10-06 04:10:29,2026-10-06 07:10:29,2026-10-06,7,Tuesday,0,Al Madinah Road,Al_Madinah_Road_4,21.55194,39.17472,21.52924688610848,39.180449959631204,FRC3,70,70,352,352,1.0,0,1,False,Low
2026-10-06 04:10:29,2026-10-06 07:10:29,2026-10-06,7,Tuesday,0,King Abdulaziz Road,King_Abdulaziz_Road_1,21.55642,39.12564,21.56783849585581,39.126322981698024,FRC3,84,84,132,132,1.0,0,1,False,Low
2026-10-06 04:10:29,2026-10-06 07:10:29,2026-10-06,7,Tuesday,0,King Abdulaziz Road,King_Abdulaziz_Road_2,21.59236,39.12375,21.680822573052378,39.11027800736724,FRC3,66,78,1084,917,0.8462,167,0.977757,False,Medium
2026-10-06 04:10:29,2026-10-06 07:10:29,2026-10-06,7,Tuesday,0,King Abdulaziz Road,King_Abdulaziz_Road_3,21.62064,39.11597,21.6390002039573,39.11163118181557,FRC3,83,83,661,661,1.0,0,1,False,Low
2026-10-06 04:20:31,2026-10-06 07:20:31,2026-10-06,7,Tuesday,0,Al Haramain Road,Al_Haramain_Road_1,21.72336,39.19394,21.735295564288815,39.189261016247144,FRC0,78,95,896,735,0.8211,161,1,False,Medium
2026-10-06 04:20:31,2026-10-06 07:20:31,2026-10-06,7,Tuesday,0,Al Haramain Road,Al_Haramain_Road_2,21.62897,39.21308,21.54375360318856,39.23716929257782,FRC0,45,91,1546,764,0.4945,782,1,False,High
2026-10-06 04:20:31,2026-10-06 07:20:31,2026-10-06,7,Tuesday,0,Al Haramain Road,Al_Haramain_Road_3,21.58853,39.22808,21.552360876982483,39.2348009020171,FRC0,93,93,704,704,1.0,0,1,False,Low
2026-10-06 04:20:31,2026-10-06 07:20:31,2026-10-06,7,Tuesday,0,Al Madinah Road,Al_Madinah_Road_1,21.67808,39.12614,21.720509834459893,39.13040530381966,FRC0,102,102,648,648,1.0,0,1,False,Low
2026-10-06 04:20:31,2026-10-06 07:20:31,2026-10-06,7,Tuesday,0,Al Madinah Road,Al_Madinah_Road_2,21.64356,39.14481,21.634007286572068,39.15128227769196,FRC0,66,92,116,83,0.7174,33,1,False,Medium
2026-10-06 04:20:31,2026-10-06 07:20:31,2026-10-06,7,Tuesday,0,Al Madinah Road,Al_Madinah_Road_3,21.61511,39.15536,21.597612362403563,39.159913626303876,FRC1,64,79,415,336,0.8101,79,1,False,Medium
2026-10-06 04:20:31,2026-10-06 07:20:31,2026-10-06,7,Tuesday,0,Al Madinah Road,Al_Madinah_Road_4,21.55194,39.17472,21.52924688610848,39.180449959631204,FRC3,70,70,352,352,1.0,0,1,False,Low
2026-10-06 04:20:31,2026-10-06 07:20:31,2026-10-06,7,Tuesday,0,King Abdulaziz Road,King_Abdulaziz_Road_1,21.55642,39.12564,21.56783849585581,39.126322981698024,FRC3,84,84,132,132,1.0,0,1,False,Low
2026-10-06 04:20:31,2026-10-06 07:20:31,2026-10-06,7,Tuesday,0,King Abdulaziz Road,King_Abdulaziz_Road_2,21.59236,39.12375,21.680822573052378,39.11027800736724,FRC3,64,78,1118,917,0.8205,201,0.967518,False,Medium
2026-10-06 04:20:31,2026-10-06 07:20:31,2026-10-06,7,Tuesday,0,King Abdulaziz Road,King_Abdulaziz_Road_3,21.62064,39.11597,21.6390002039573,39.11163118181557,FRC3,83,83,661,661,1.0,0,1,False,Low
2026-10-06 04:30:35,2026-10-06 07:30:35,2026-10-06,7,Tuesday,0,Al Haramain Road,Al_Haramain_Road_1,21.72336,39.19394,21.735295564288815,39.189261016247144,FRC0,75,95,931,735,0.7895,196,1,False,Medium
2026-10-06 04:30:35,2026-10-06 07:30:35,2026-10-06,7,Tuesday,0,Al Haramain Road,Al_Haramain_Road_2,21.62897,39.21308,21.54375360318856,39.23716929257782,FRC0,44,92,1582,756,0.4783,826,1,False,High
2026-10-06 04:30:35,2026-10-06 07:30:35,2026-10-06,7,Tuesday,0,Al Haramain Road,Al_Haramain_Road_3,21.58853,39.22808,21.552360876982483,39.2348009020171,FRC0,93,93,704,704,1.0,0,1,False,Low
2026-10-06 04:30:35,2026-10-06 07:30:35,2026-10-06,7,Tuesday,0,Al Madinah Road,Al_Madinah_Road_1,21.67808,39.12614,21.720509834459893,39.13040530381966,FRC0,102,102,648,648,1.0,0,1,False,Low
2026-10-06 04:30:35,2026-10-06 07:30:35,2026-10-06,7,Tuesday,0,Al Madinah Road,Al_Madinah_Road_2,21.64356,39.14481,21.634007286572068,39.15128227769196,FRC0,54,93,142,82,0.5806,60,1,False,High
2026-10-06 04:30:35,2026-10-06 07:30:35,2026-10-06,7,Tuesday,0,Al Madinah Road,Al_Madinah_Road_3,21.61511,39.15536,21.597612362403563,39.159913626303876,FRC1,58,79,458,336,0.7342,122,1,False,Medium
2026-10-06 04:30:35,2026-10-06 07:30:35,2026-10-06,7,Tuesday,0,Al Madinah Road,Al_Madinah_Road_4,21.55194,39.17472,21.52924688610848,39.180449959631204,FRC3,70,70,352,352,1.0,0,1,False,Low
2026-10-06 04:30:35,2026-10-06 07:30:35,2026-10-06,7,Tuesday,0,King Abdulaziz Road,King_Abdulaziz_Road_1,21.55642,39.12564,21.56783849585581,39.126322981698024,FRC3,84,84,132,132,1.0,0,1,False,Low
2026-10-06 04:30:35,2026-10-06 07:30:35,2026-10-06,7,Tuesday,0,King Abdulaziz Road,King_Abdulaziz_Road_2,21.59236,39.12375,21.680822573052378,39.11027800736724,FRC3,61,78,1173,917,0.7821,256,0.975728,False,Medium
2026-10-06 04:30:35,2026-10-06 07:30:35,2026-10-06,7,Tuesday,0,King Abdulaziz Road,King_Abdulaziz_Road_3,21.62064,39.11597,21.6390002039573,39.11163118181557,FRC3,71,82,773,669,0.8659,104,1,False,Low
2026-10-06 04:40:29,2026-10-06 07:40:29,2026-10-06,7,Tuesday,0,Al Haramain Road,Al_Haramain_Road_1,21.72336,39.19394,21.735295564288815,39.189261016247144,FRC0,78,95,896,735,0.8211,161,1,False,Medium
2026-10-06 04:40:29,2026-10-06 07:40:29,2026-10-06,7,Tuesday,0,Al Haramain Road,Al_Haramain_Road_2,21.62897,39.21308,21.54375360318856,39.23716929257782,FRC0,39,91,1784,764,0.4286,1020,1,False,High
2026-10-06 04:40:29,2026-10-06 07:40:29,2026-10-06,7,Tuesday,0,Al Haramain Road,Al_Haramain_Road_3,21.58853,39.22808,21.552360876982483,39.2348009020171,FRC0,93,93,704,704,1.0,0,1,False,Low
2026-10-06 04:40:29,2026-10-06 07:40:29,2026-10-06,7,Tuesday,0,Al Madinah Road,Al_Madinah_Road_1,21.67808,39.12614,21.720509834459893,39.13040530381966,FRC0,102,102,648,648,1.0,0,1,False,Low
2026-10-06 04:40:29,2026-10-06 07:40:29,2026-10-06,7,Tuesday,0,Al Madinah Road,Al_Madinah_Road_2,21.64356,39.14481,21.634007286572068,39.15128227769196,FRC0,56,93,137,82,0.6022,55,1,False,Medium
2026-10-06 04:40:29,2026-10-06 07:40:29,2026-10-06,7,Tuesday,0,Al Madinah Road,Al_Madinah_Road_3,21.61511,39.15536,21.597612362403563,39.159913626303876,FRC1,63,78,421,340,0.8077,81,1,False,Medium
2026-10-06 04:40:29,2026-10-06 07:40:29,2026-10-06,7,Tuesday,0,Al Madinah Road,Al_Madinah_Road_4,21.55194,39.17472,21.52924688610848,39.180449959631204,FRC3,70,70,352,352,1.0,0,1,False,Low
2026-10-06 04:40:29,2026-10-06 07:40:29,2026-10-06,7,Tuesday,0,King Abdulaziz Road,King_Abdulaziz_Road_1,21.55642,39.12564,21.56783849585581,39.126322981698024,FRC3,84,84,132,132,1.0,0,1,False,Low
2026-10-06 04:40:29,2026-10-06 07:40:29,2026-10-06,7,Tuesday,0,King Abdulaziz Road,King_Abdulaziz_Road_2,21.59236,39.12375,21.680822573052378,39.11027800736724,FRC3,60,78,1192,917,0.7692,275,0.992863,False,Medium
2026-10-06 04:40:29,2026-10-06 07:40:29,2026-10-06,7,Tuesday,0,King Abdulaziz Road,King_Abdulaziz_Road_3,21.62064,39.11597,21.6390002039573,39.11163118181557,FRC3,69,82,796,669,0.8415,127,1,False,Medium
2026-10-06 04:50:27,2026-10-06 07:50:27,2026-10-06,7,Tuesday,0,Al Haramain Road,Al_Haramain_Road_1,21.72336,39.19394,21.735295564288815,39.189261016247144,FRC0,80,95,873,735,0.8421,138,1,False,Medium
2026-10-06 04:50:27,2026-10-06 07:50:27,2026-10-06,7,Tuesday,0,Al Haramain Road,Al_Haramain_Road_2,21.62897,39.21308,21.54375360318856,39.23716929257782,FRC0,41,92,1697,756,0.4457,941,1,False,High
2026-10-06 04:50:27,2026-10-06 07:50:27,2026-10-06,7,Tuesday,0,Al Haramain Road,Al_Haramain_Road_3,21.58853,39.22808,21.552360876982483,39.2348009020171,FRC0,93,93,704,704,1.0,0,1,False,Low
2026-10-06 04:50:27,2026-10-06 07:50:27,2026-10-06,7,Tuesday,0,Al Madinah Road,Al_Madinah_Road_1,21.67808,39.12614,21.720509834459893,39.13040530381966,FRC0,102,102,648,648,1.0,0,1,False,Low
2026-10-06 04:50:27,2026-10-06 07:50:27,2026-10-06,7,Tuesday,0,Al Madinah Road,Al_Madinah_Road_2,21.64356,39.14481,21.634007286572068,39.15128227769196,FRC0,58,93,132,82,0.6237,50,1,False,Medium
2026-10-06 04:50:27,2026-10-06 07:50:27,2026-10-06,7,Tuesday,0,Al Madinah Road,Al_Madinah_Road_3,21.61511,39.15536,21.597612362403563,39.159913626303876,FRC1,65,79,408,336,0.8228,72,1,False,Medium
2026-10-06 04:50:27,2026-10-06 07:50:27,2026-10-06,7,Tuesday,0,Al Madinah Road,Al_Madinah_Road_4,21.55194,39.17472,21.52924688610848,39.180449959631204,FRC3,70,70,352,352,1.0,0,1,False,Low
2026-10-06 04:50:27,2026-10-06 07:50:27,2026-10-06,7,Tuesday,0,King Abdulaziz Road,King_Abdulaziz_Road_1,21.55642,39.12564,21.56783849585581,39.126322981698024,FRC3,84,84,132,132,1.0,0,1,False,Low
2026-10-06 04:50:27,2026-10-06 07:50:27,2026-10-06,7,Tuesday,0,King Abdulaziz Road,King_Abdulaziz_Road_2,21.59236,39.12375,21.680822573052378,39.11027800736724,FRC3,60,78,1192,917,0.7692,275,0.991075,False,Medium
2026-10-06 04:50:27,2026-10-06 07:50:27,2026-10-06,7,Tuesday,0,King Abdulaziz Road,King_Abdulaziz_Road_3,21.62064,39.11597,21.6390002039573,39.11163118181557,FRC3,67,82,819,669,0.8171,150,0.996692,False,Medium
